edge_index,partition,seed,split_mode
2,train,11,node_disjoint
16,train,11,node_disjoint
20,train,11,node_disjoint
22,train,11,node_disjoint
25,train,11,node_disjoint
26,train,11,node_disjoint
28,train,11,node_disjoint
29,train,11,node_disjoint
32,train,11,node_disjoint
38,train,11,node_disjoint
40,train,11,node_disjoint
45,train,11,node_disjoint
46,train,11,node_disjoint
59,train,11,node_disjoint
61,train,11,node_disjoint
65,train,11,node_disjoint
67,train,11,node_disjoint
71,train,11,node_disjoint
76,train,11,node_disjoint
80,train,11,node_disjoint
83,train,11,node_disjoint
88,train,11,node_disjoint
90,train,11,node_disjoint
95,train,11,node_disjoint
97,train,11,node_disjoint
100,train,11,node_disjoint
102,train,11,node_disjoint
106,train,11,node_disjoint
108,train,11,node_disjoint
112,train,11,node_disjoint
114,train,11,node_disjoint
122,train,11,node_disjoint
126,train,11,node_disjoint
131,train,11,node_disjoint
137,train,11,node_disjoint
141,train,11,node_disjoint
146,train,11,node_disjoint
148,train,11,node_disjoint
151,train,11,node_disjoint
164,train,11,node_disjoint
167,train,11,node_disjoint
1,test,11,node_disjoint
3,test,11,node_disjoint
18,test,11,node_disjoint
21,test,11,node_disjoint
30,test,11,node_disjoint
31,test,11,node_disjoint
35,test,11,node_disjoint
39,test,11,node_disjoint
50,test,11,node_disjoint
52,test,11,node_disjoint
56,test,11,node_disjoint
58,test,11,node_disjoint
60,test,11,node_disjoint
63,test,11,node_disjoint
72,test,11,node_disjoint
73,test,11,node_disjoint
77,test,11,node_disjoint
81,test,11,node_disjoint
85,test,11,node_disjoint
92,test,11,node_disjoint
98,test,11,node_disjoint
103,test,11,node_disjoint
107,test,11,node_disjoint
109,test,11,node_disjoint
115,test,11,node_disjoint
118,test,11,node_disjoint
120,test,11,node_disjoint
121,test,11,node_disjoint
123,test,11,node_disjoint
125,test,11,node_disjoint
128,test,11,node_disjoint
130,test,11,node_disjoint
132,test,11,node_disjoint
133,test,11,node_disjoint
134,test,11,node_disjoint
136,test,11,node_disjoint
138,test,11,node_disjoint
149,test,11,node_disjoint
153,test,11,node_disjoint
161,test,11,node_disjoint
166,test,11,node_disjoint
0,discarded,11,node_disjoint
4,discarded,11,node_disjoint
5,discarded,11,node_disjoint
6,discarded,11,node_disjoint
7,discarded,11,node_disjoint
8,discarded,11,node_disjoint
9,discarded,11,node_disjoint
10,discarded,11,node_disjoint
11,discarded,11,node_disjoint
12,discarded,11,node_disjoint
13,discarded,11,node_disjoint
14,discarded,11,node_disjoint
15,discarded,11,node_disjoint
17,discarded,11,node_disjoint
19,discarded,11,node_disjoint
23,discarded,11,node_disjoint
24,discarded,11,node_disjoint
27,discarded,11,node_disjoint
33,discarded,11,node_disjoint
34,discarded,11,node_disjoint
36,discarded,11,node_disjoint
37,discarded,11,node_disjoint
41,discarded,11,node_disjoint
42,discarded,11,node_disjoint
43,discarded,11,node_disjoint
44,discarded,11,node_disjoint
47,discarded,11,node_disjoint
48,discarded,11,node_disjoint
49,discarded,11,node_disjoint
51,discarded,11,node_disjoint
53,discarded,11,node_disjoint
54,discarded,11,node_disjoint
55,discarded,11,node_disjoint
57,discarded,11,node_disjoint
62,discarded,11,node_disjoint
64,discarded,11,node_disjoint
66,discarded,11,node_disjoint
68,discarded,11,node_disjoint
69,discarded,11,node_disjoint
70,discarded,11,node_disjoint
74,discarded,11,node_disjoint
75,discarded,11,node_disjoint
78,discarded,11,node_disjoint
79,discarded,11,node_disjoint
82,discarded,11,node_disjoint
84,discarded,11,node_disjoint
86,discarded,11,node_disjoint
87,discarded,11,node_disjoint
89,discarded,11,node_disjoint
91,discarded,11,node_disjoint
93,discarded,11,node_disjoint
94,discarded,11,node_disjoint
96,discarded,11,node_disjoint
99,discarded,11,node_disjoint
101,discarded,11,node_disjoint
104,discarded,11,node_disjoint
105,discarded,11,node_disjoint
110,discarded,11,node_disjoint
111,discarded,11,node_disjoint
113,discarded,11,node_disjoint
116,discarded,11,node_disjoint
117,discarded,11,node_disjoint
119,discarded,11,node_disjoint
124,discarded,11,node_disjoint
127,discarded,11,node_disjoint
129,discarded,11,node_disjoint
135,discarded,11,node_disjoint
139,discarded,11,node_disjoint
140,discarded,11,node_disjoint
142,discarded,11,node_disjoint
143,discarded,11,node_disjoint
144,discarded,11,node_disjoint
145,discarded,11,node_disjoint
147,discarded,11,node_disjoint
150,discarded,11,node_disjoint
152,discarded,11,node_disjoint
154,discarded,11,node_disjoint
155,discarded,11,node_disjoint
156,discarded,11,node_disjoint
157,discarded,11,node_disjoint
158,discarded,11,node_disjoint
159,discarded,11,node_disjoint
160,discarded,11,node_disjoint
162,discarded,11,node_disjoint
163,discarded,11,node_disjoint
165,discarded,11,node_disjoint
