concept_specific,data_per_relation,edge_specific,final_loss,generalization_gap,global_relation,global_residual,global_salience,initial_loss,learner,learner_rank,parameters,residual_dimension,seed,teacher,teacher_rank,test_cosine,test_examples,test_mse,test_relation_accuracy,test_weight_correlation,threshold_step,train_cosine,train_examples,train_mse,train_relation_accuracy,train_weight_correlation
0,16,0,0.02957647107541561,0.009351106360554695,0,0,15,0.05035316199064255,additive,0,15,0,11,hrr,0,-0.1373974233865738,96,0.03315570577979088,0.3541666567325592,0.9356299042701721,-1,-0.14249888062477112,48,0.023804599419236183,0.3958333432674408,0.9693355560302734
0,16,0,4.6114768338156864e-05,2.6332540983275976e-05,48,0,15,0.046505942940711975,hrr,0,63,0,11,hrr,0,0.9999833703041077,96,3.912450483767316e-05,1.0,0.9956880211830139,22,0.9999837875366211,48,1.2791963854397181e-05,1.0,0.9985580444335938
0,16,0,0.013738268055021763,0.010049430653452873,48,0,15,0.05035316199064255,diagonal,0,63,0,11,hrr,0,0.048351433128118515,96,0.023574596270918846,0.4895833432674408,0.9765825867652893,-1,0.22578324377536774,48,0.013525165617465973,0.6875,0.9890738129615784
0,16,0,0.007584846578538418,0.022631864994764328,384,0,15,0.0513119250535965,low_rank,4,399,0,11,hrr,0,0.23874348402023315,96,0.029319090768694878,0.6354166865348816,0.9797141551971436,-1,0.4976342022418976,48,0.00668722577393055,0.875,0.982995331287384
0,32,0,0.03254988417029381,0.007243530824780464,0,0,15,0.047624289989471436,additive,0,15,0,11,hrr,0,-0.1373974233865738,96,0.03410473093390465,0.3854166567325592,0.9412964582443237,-1,-0.12139707058668137,96,0.026861200109124184,0.3541666567325592,0.9470604658126831
0,32,0,3.658807690953836e-05,4.031146090710536e-06,48,0,15,0.0340844988822937,hrr,0,63,0,11,hrr,0,0.9999938607215881,96,1.50840132846497e-05,1.0,0.9985266327857971,15,0.9999938011169434,96,1.1052867193939164e-05,1.0,0.9989266395568848
0,32,0,0.01675780862569809,0.005689997225999832,48,0,15,0.047624289989471436,diagonal,0,63,0,11,hrr,0,0.0719166025519371,96,0.022415606305003166,0.5729166865348816,0.9984173774719238,-1,0.18396449089050293,96,0.016725609079003334,0.6354166865348816,0.9986923933029175
0,32,0,0.011900443583726883,0.011700098402798176,384,0,15,0.04667862504720688,low_rank,4,399,0,11,hrr,0,0.3908597528934479,96,0.022081071510910988,0.7604166865348816,0.9776953458786011,-1,0.5079102516174316,96,0.010380973108112812,0.8229166865348816,0.9766553044319153
0,16,0,0.003443066729232669,0.0009761208202689886,0,0,15,0.02219342440366745,additive,0,15,0,11,diagonal,0,0.9084176421165466,96,0.004346990957856178,0.7291666865348816,0.9959770441055298,42,0.9118547439575195,48,0.0033708701375871897,0.7916666865348816,0.9975380897521973
0,16,0,0.003015674650669098,0.0018621543422341347,48,0,15,0.044729456305503845,hrr,0,63,0,11,diagonal,0,0.8970951437950134,96,0.0048632314428687096,0.65625,0.9987906813621521,34,0.9141462445259094,48,0.003001077100634575,0.875,0.9991312623023987
0,16,0,8.518819959135726e-05,1.2209669876028784e-05,48,0,15,0.02219342440366745,diagonal,0,63,0,11,diagonal,0,0.9999615550041199,96,3.604119046940468e-05,1.0,0.9975351095199585,22,0.9999703764915466,48,2.38315205933759e-05,1.0,0.9983975887298584
0,16,0,0.0007125434931367636,0.0030169026576913893,384,0,15,0.026196539402008057,low_rank,4,399,0,11,diagonal,0,0.921363353729248,96,0.003672224236652255,0.8541666865348816,0.9968761801719666,20,0.9646275639533997,48,0.0006553215789608657,1.0,0.9980348348617554
0,32,0,0.003706869902089238,0.0005472621414810419,0,0,15,0.014638204127550125,additive,0,15,0,11,diagonal,0,0.9084175229072571,96,0.004236963577568531,0.7395833134651184,0.9994422793388367,25,0.9133978486061096,96,0.003689701436087489,0.7916666865348816,0.9993133544921875
0,32,0,0.0034958410542458296,0.0010145127307623625,48,0,15,0.04222504422068596,hrr,0,63,0,11,diagonal,0,0.9034419059753418,96,0.004504761192947626,0.6979166865348816,0.9996742010116577,32,0.9141047596931458,96,0.0034902484621852636,0.8645833134651184,0.9996663928031921
0,32,0,1.4478222510660999e-05,2.4854980438249186e-06,48,0,15,0.014638204127550125,diagonal,0,63,0,11,diagonal,0,0.9999982714653015,96,6.932179985597031e-06,1.0,0.9995453953742981,12,0.9999983906745911,96,4.446681941772113e-06,1.0,0.999573826789856
0,32,0,0.0012122374027967453,0.0013266090536490083,384,0,15,0.017875876277685165,low_rank,4,399,0,11,diagonal,0,0.9487759470939636,96,0.0025180072989314795,0.9375,0.9985063672065735,16,0.960273265838623,96,0.0011913982452824712,1.0,0.9989772439002991
0,16,0,0.0892363116145134,0.0002674907445907593,0,0,15,0.1151588186621666,additive,0,15,0,11,low_rank,4,0.4775826930999756,96,0.08871064335107803,0.5729166865348816,0.9234033226966858,-1,0.39297834038734436,48,0.08844315260648727,0.5,0.9528943300247192
0,16,0,0.07400684803724289,0.03153464198112488,48,0,15,0.13874590396881104,hrr,0,63,0,11,low_rank,4,0.39368459582328796,96,0.1049252450466156,0.6354166865348816,0.9735298752784729,-1,0.45394793152809143,48,0.07339060306549072,0.7916666865348816,0.9723675847053528
0,16,0,0.06516145914793015,0.02624264359474182,48,0,15,0.1151588186621666,diagonal,0,63,0,11,low_rank,4,0.4344920814037323,96,0.09052840620279312,0.625,0.9331810474395752,-1,0.49407652020454407,48,0.0642857626080513,0.7708333134651184,0.9482167959213257
0,16,0,0.00038429535925388336,0.028110219165682793,384,0,15,0.10986286401748657,low_rank,4,399,0,11,low_rank,4,0.8799360394477844,96,0.028337514027953148,0.9583333134651184,0.9828084707260132,42,0.9581140875816345,48,0.00022729486227035522,0.9791666865348816,0.9944784641265869
0,32,0,0.0949455052614212,-0.006098710000514984,0,0,15,0.10801492631435394,additive,0,15,0,11,low_rank,4,0.4775826930999756,96,0.08848799020051956,0.5625,0.9825069904327393,-1,0.4191542863845825,96,0.09458670020103455,0.6041666865348816,0.979279100894928
0,32,0,0.08422604948282242,0.006772242486476898,48,0,15,0.13804331421852112,hrr,0,63,0,11,low_rank,4,0.4455641806125641,96,0.0905563160777092,0.6875,0.976362407207489,-1,0.4680366516113281,96,0.0837840735912323,0.75,0.9792931079864502
0,32,0,0.07840052992105484,0.007656313478946686,48,0,15,0.10801492631435394,diagonal,0,63,0,11,low_rank,4,0.4695928990840912,96,0.08562812209129333,0.7291666865348816,0.975283145904541,-1,0.4827375113964081,96,0.07797180861234665,0.7916666865348816,0.978363573551178
0,32,0,0.0002564789028838277,0.001696311417617835,384,0,15,0.11393508315086365,low_rank,4,399,0,11,low_rank,4,0.9926125407218933,96,0.0018622648203745484,1.0,0.9956117272377014,45,0.9962113499641418,96,0.00016595340275671333,0.9895833134651184,0.9958154559135437
