index,relation,same_token,source,target
0,hypernym,False,alliance.n.02,connection.n.01
1,hypernym,False,perplex.v.01,confuse.v.02
2,hypernym,False,coat.v.03,cover.v.02
3,hypernym,False,scroll.n.02,manuscript.n.02
4,hypernym,False,raise.v.02,move.v.02
5,hypernym,False,pass.n.06,permission.n.01
6,hypernym,False,follow.v.01,travel.v.01
7,hypernym,False,argon.n.01,chemical_element.n.01
8,hypernym,False,repent.v.02,feel.v.01
9,hypernym,False,discord.n.02,disagreement.n.03
10,hypernym,False,square.n.06,conservative.n.01
11,hypernym,False,tax.v.02,determine.v.03
12,hypernym,False,byssus.n.01,fiber.n.01
13,hypernym,False,grade.n.03,gradient.n.02
14,hypernym,False,theatrical_performance.n.01,performance.n.01
15,hypernym,False,log.v.02,fell.v.01
16,hypernym,False,food.n.03,content.n.05
17,hypernym,False,landfall.n.01,seashore.n.01
18,hypernym,False,manufacture.v.01,make.v.15
19,hypernym,False,defeat.n.01,ending.n.04
20,hypernym,False,solve.v.01,understand.v.01
21,hypernym,False,veteran.n.01,serviceman.n.01
22,hypernym,False,yak.v.01,communicate.v.02
23,hypernym,False,deny.v.01,contradict.v.02
24,hypernym,False,litter.v.03,give_birth.v.01
25,hypernym,False,imitate.v.03,copy.v.04
26,hypernym,False,adapt.v.01,change.v.03
27,hypernym,False,witness.n.05,person.n.01
28,hypernym,False,paper.n.04,medium.n.01
29,hypernym,False,feed.v.01,provide.v.02
30,hypernym,False,harmonic.n.02,timbre.n.01
31,hypernym,True,diffuse.v.01,spread.v.01
32,hypernym,False,feel.v.13,touch.v.01
33,hypernym,False,reversible.n.01,garment.n.01
34,hypernym,False,shorten.v.01,reduce.v.01
35,hypernym,False,humanitarian.n.01,benefactor.n.01
36,hypernym,False,class.n.02,gathering.n.01
37,hypernym,False,adapter.n.02,device.n.01
38,hypernym,False,crust.n.01,layer.n.02
39,hypernym,False,negotiation.n.02,activity.n.01
40,hypernym,False,habit.v.01,dress.v.02
41,hypernym,False,unfortunate.n.01,person.n.01
42,hypernym,False,decline.v.05,drop.v.02
43,hypernym,False,yes.n.01,affirmative.n.01
44,hypernym,False,corn.n.05,cereal.n.01
45,hypernym,False,radius.n.01,length.n.01
46,hypernym,False,initiate.n.03,people.n.01
47,hypernym,False,villain.n.02,character.n.04
48,hypernym,False,discipline.n.01,knowledge_domain.n.01
49,hypernym,False,ferry.n.01,boat.n.01
50,hypernym,False,fish.n.02,food.n.02
51,hypernym,False,injection.n.01,insertion.n.02
52,hypernym,False,vilify.v.01,abuse.v.03
53,hypernym,False,characterize.v.02,distinguish.v.03
54,hypernym,False,atom.n.01,substance.n.01
55,hypernym,False,vagina.n.01,duct.n.01
56,hypernym,False,independence.n.01,freedom.n.01
57,hypernym,False,troop.n.03,unit.n.03
58,hypernym,False,wire.n.02,conductor.n.04
59,hypernym,False,stand.n.06,stop.n.01
60,hypernym,False,denim.n.02,fabric.n.01
61,hypernym,False,evidence.n.02,indication.n.01
62,hypernym,False,cream.v.01,beat.v.10
63,hypernym,False,equal.v.03,change.v.01
64,hypernym,False,sleeper.n.07,furniture.n.01
65,hypernym,False,crash.n.04,hit.n.02
66,hypernym,False,thank.v.01,convey.v.01
67,hypernym,False,random_variable.n.01,variable.n.02
68,hypernym,False,disgust.v.01,stimulate.v.06
69,hypernym,False,synthesis.n.02,reasoning.n.01
70,hypernym,False,mainstream.n.01,thought.n.03
71,hypernym,False,elevation.n.05,distance.n.01
72,hypernym,False,logic.n.05,system.n.04
73,hypernym,False,entertain.v.02,contemplate.v.02
74,hypernym,False,splash.n.04,spot.n.05
75,hypernym,False,relieve.v.11,mitigate.v.02
76,hypernym,False,claim.v.04,affirm.v.02
77,hypernym,False,hunt.v.01,capture.v.06
78,hypernym,False,engine.n.04,instrument.n.01
79,hypernym,False,shorthand.n.01,handwriting.n.01
80,hypernym,False,pique.v.01,anger.v.01
81,hypernym,False,electorate.n.01,citizenry.n.01
82,hypernym,False,vitamin.n.01,nutriment.n.01
83,hypernym,False,yellow.v.01,discolor.v.03
84,hypernym,False,put_in.v.05,apply.v.03
85,hypernym,False,sun.v.01,lie.v.02
86,hypernym,False,history.n.03,humanistic_discipline.n.01
87,hypernym,False,turn.v.09,move.v.03
88,hypernym,False,senesce.v.01,develop.v.10
89,hypernym,False,dollar.n.03,coin.n.01
90,hypernym,False,action.n.05,plot.n.03
91,hypernym,False,centerpiece.n.02,decoration.n.01
92,hypernym,False,hall.n.13,building.n.01
93,hypernym,False,lunar_month.n.01,month.n.02
94,hypernym,False,guy.n.01,man.n.01
95,hypernym,False,evaluate.v.02,think.v.03
96,hypernym,False,backbone.n.05,connection.n.03
97,hypernym,False,brake.n.01,restraint.n.06
98,hypernym,True,see.v.17,see.v.01
99,hypernym,False,organ.n.02,agency.n.01
100,hypernym,False,constitution.n.02,beginning.n.05
101,hypernym,False,cheer.n.01,approval.n.04
102,hypernym,False,victory.n.01,ending.n.04
103,hypernym,False,flip.n.05,dive.n.02
104,hypernym,False,decide.v.02,end.v.02
105,hypernym,False,geek.n.01,performer.n.01
106,hypernym,False,novel.n.01,fiction.n.01
107,hypernym,False,draw.v.15,effect.v.01
108,hypernym,False,checkup.n.01,examination.n.01
109,hypernym,False,sit.v.07,be.v.03
110,hypernym,False,values.n.01,belief.n.01
111,hypernym,False,leadership.n.01,activity.n.01
112,hypernym,False,post.n.11,delivery.n.01
113,hypernym,False,landscape.v.01,decorate.v.01
114,hypernym,False,hop.v.03,travel.v.05
115,hypernym,False,park.v.02,steer.v.01
116,hypernym,False,dismiss.v.01,reject.v.01
117,hypernym,False,spar.v.02,contend.v.06
118,hypernym,False,elevation.n.01,rise.n.04
119,hypernym,False,rocker.n.05,trough.n.05
120,instance_hypernym,False,david.n.03,king.n.01
121,instance_hypernym,False,homer.n.02,poet.n.01
122,instance_hypernym,False,gent.n.03,port.n.01
123,instance_hypernym,False,todd.n.01,chemist.n.01
124,instance_hypernym,False,mill.n.03,economist.n.01
125,instance_hypernym,False,diesel.n.01,engineer.n.01
126,instance_hypernym,False,hall.n.09,explorer.n.01
127,instance_hypernym,False,booth.n.03,actor.n.01
128,instance_hypernym,False,ur.n.01,city.n.01
129,instance_hypernym,False,wood.n.05,writer.n.01
130,instance_hypernym,False,land.n.10,inventor.n.01
131,instance_hypernym,False,day.n.10,writer.n.01
132,instance_hypernym,False,wake_island.n.01,island.n.01
133,instance_hypernym,False,ruth.n.02,wife.n.01
134,instance_hypernym,False,fuller.n.02,architect.n.01
135,instance_hypernym,False,orion.n.02,constellation.n.02
136,instance_hypernym,False,burns.n.02,poet.n.01
137,instance_hypernym,False,colon.n.04,city.n.01
138,instance_hypernym,False,chang_jiang.n.01,river.n.01
139,instance_hypernym,False,nation.n.03,dry.n.01
140,instance_hypernym,False,young.n.02,actress.n.01
141,instance_hypernym,False,sax.n.01,maker.n.01
142,instance_hypernym,False,grant.n.06,president_of_the_united_states.n.01
143,instance_hypernym,False,twin.n.03,waterfall.n.01
144,instance_hypernym,False,homer.n.04,painter.n.01
145,instance_hypernym,False,buck.n.03,missionary.n.02
146,instance_hypernym,False,grant.n.06,general.n.01
147,instance_hypernym,False,lie.n.02,diplomat.n.01
148,instance_hypernym,False,down.n.03,doctor.n.01
149,instance_hypernym,False,wolf.n.02,composer.n.01
150,instance_hypernym,False,grant.n.05,actor.n.01
151,instance_hypernym,False,java.n.01,island.n.01
152,instance_hypernym,False,watt.n.02,inventor.n.01
153,instance_hypernym,False,university_of_pennsylvania.n.01,university.n.02
154,instance_hypernym,False,hull.n.04,diplomat.n.01
155,instance_hypernym,False,depression.n.05,historic_period.n.01
156,instance_hypernym,False,white.n.08,educator.n.01
157,instance_hypernym,False,tours.n.01,city.n.01
158,instance_hypernym,False,post.n.06,writer.n.01
159,instance_hypernym,False,exodus.n.02,book.n.10
160,instance_hypernym,False,gray.n.07,poet.n.01
161,instance_hypernym,False,reading.n.06,city.n.01
162,instance_hypernym,False,man.n.09,island.n.01
163,instance_hypernym,False,moon.n.01,satellite.n.03
164,instance_hypernym,False,independence.n.03,city.n.01
165,instance_hypernym,False,page.n.03,diplomat.n.01
166,instance_hypernym,False,renaissance.n.01,historic_period.n.01
167,instance_hypernym,False,white.n.04,writer.n.01
168,instance_hypernym,False,mill.n.03,philosopher.n.01
169,instance_hypernym,False,marks.n.01,businessman.n.01
170,instance_hypernym,False,grant.n.04,painter.n.01
171,instance_hypernym,False,marsh.n.02,painter.n.01
172,instance_hypernym,False,stone.n.08,film_maker.n.01
173,instance_hypernym,False,belem.n.01,city.n.01
174,instance_hypernym,False,pound.n.11,poet.n.01
175,instance_hypernym,False,fields.n.01,comedian.n.01
176,instance_hypernym,False,hero.n.04,mathematician.n.01
177,instance_hypernym,False,forth.n.01,river.n.01
178,instance_hypernym,False,jesus.n.01,prophet.n.02
179,instance_hypernym,False,pope.n.02,poet.n.01
180,instance_hypernym,False,service.n.07,writer.n.01
181,instance_hypernym,False,wood.n.04,conductor.n.01
182,instance_hypernym,False,mesmer.n.01,doctor.n.01
183,instance_hypernym,False,job.n.09,hero.n.01
184,instance_hypernym,False,ward.n.06,businessman.n.01
185,instance_hypernym,False,bush.n.06,president_of_the_united_states.n.01
186,instance_hypernym,False,white.n.06,architect.n.01
187,instance_hypernym,False,bacon.n.02,scientist.n.01
188,instance_hypernym,False,stone.n.10,journalist.n.01
189,instance_hypernym,False,goofy.n.01,fictional_character.n.01
190,instance_hypernym,False,mach.n.01,philosopher.n.01
191,instance_hypernym,False,darling.n.02,river.n.01
192,instance_hypernym,False,bounty.n.04,ship.n.01
193,instance_hypernym,False,hunt.n.03,writer.n.01
194,instance_hypernym,False,milk.n.03,river.n.01
195,instance_hypernym,False,hunt.n.02,architect.n.01
196,instance_hypernym,False,cancer.n.03,constellation.n.02
197,instance_hypernym,False,singer.n.03,writer.n.01
198,instance_hypernym,False,colon.n.04,port.n.01
199,instance_hypernym,False,mobile.n.02,port.n.01
200,instance_hypernym,False,angel.n.04,waterfall.n.01
201,instance_hypernym,False,key.n.07,poet.n.01
202,instance_hypernym,False,bridget.n.01,saint.n.01
203,instance_hypernym,False,chase.n.02,politician.n.02
204,instance_hypernym,False,ball.n.07,actress.n.01
205,instance_hypernym,False,sur.n.01,city.n.01
206,instance_hypernym,False,strategic_arms_limitation_talks.n.01,diplomacy.n.01
207,instance_hypernym,False,leo.n.03,sign_of_the_zodiac.n.01
208,instance_hypernym,False,coward.n.02,composer.n.01
209,instance_hypernym,False,lear.n.01,artist.n.01
210,instance_hypernym,False,acre.n.03,town.n.01
211,instance_hypernym,False,titan.n.03,satellite.n.03
212,instance_hypernym,False,bell.n.07,painter.n.01
213,instance_hypernym,False,witwatersrand.n.01,region.n.01
214,instance_hypernym,False,fuller.n.02,engineer.n.01
215,instance_hypernym,False,west.n.07,painter.n.01
216,instance_hypernym,False,wisdom_of_solomon.n.01,book.n.10
217,instance_hypernym,False,lin.n.01,architect.n.01
218,instance_hypernym,False,graves.n.01,writer.n.01
219,instance_hypernym,False,clay.n.03,general.n.01
220,instance_hypernym,False,acre.n.02,district.n.01
221,instance_hypernym,False,white.n.07,writer.n.01
222,instance_hypernym,False,gates.n.01,entrepreneur.n.01
223,instance_hypernym,False,triangulum.n.01,constellation.n.02
224,instance_hypernym,False,brown_university.n.01,university.n.02
225,instance_hypernym,False,hall.n.07,psychologist.n.01
226,instance_hypernym,False,creation.n.05,beginning.n.05
227,instance_hypernym,False,greenwich_village.n.01,residential_district.n.01
228,instance_hypernym,False,buck.n.03,writer.n.01
229,instance_hypernym,False,wood.n.03,actress.n.01
230,instance_hypernym,False,ussher.n.01,archpriest.n.01
231,instance_hypernym,False,worth.n.03,couturier.n.01
232,instance_hypernym,False,ruth.n.04,book.n.10
233,instance_hypernym,False,resurrection.n.01,miracle.n.02
234,instance_hypernym,False,united_states_virgin_islands.n.01,possession.n.05
235,instance_hypernym,False,booth.n.03,assassin.n.01
236,instance_hypernym,False,watts.n.01,poet.n.01
237,instance_hypernym,False,opera.n.02,browser.n.02
238,instance_hypernym,False,martial.n.01,poet.n.01
239,instance_hypernym,False,bend.n.05,town.n.01
