cosine,distribution_mrr,distribution_recall_at_10,final_loss,initial_loss,mean_abs_hrr_coefficient,mean_effective_log_basis_scale_abs,mean_hrr_correction_norm,mean_log_basis_scale_abs,mean_offset_norm,mean_positive_targets,method,mse,n,parameters,partition,relation,relation_accuracy,seed,split_mode,target_candidates,target_mrr,target_recall_at_10,track
0.07762790471315384,0.2319696992635727,0.6190476417541504,3.262880325317383,8.239846229553223,,,,,,1.0,offset,0.002402010839432478,63,1536,test,all,0.8571428656578064,17,node_disjoint,49,0.2319696992635727,0.6190476417541504,contextual_centered
0.05041220411658287,0.23239432275295258,0.6000000238418579,3.262880325317383,8.239846229553223,,,,,,1.0,offset,0.002472884953022003,30,1536,test,hypernym,0.8571428656578064,17,node_disjoint,49,0.23239432275295258,0.6000000238418579,contextual_centered
0.10236944258213043,0.2315836250782013,0.6363636255264282,3.262880325317383,8.239846229553223,,,,,,1.0,offset,0.0023375796154141426,33,1536,test,instance_hypernym,0.8571428656578064,17,node_disjoint,49,0.2315836250782013,0.6363636255264282,contextual_centered
0.03850042074918747,0.15946610271930695,0.4126984179019928,1.929911732673645,4.098559379577637,,,,,,1.0,hrr,0.0025039049796760082,63,1536,test,all,0.7460317611694336,17,node_disjoint,49,0.15946610271930695,0.4126984179019928,contextual_centered
0.03966735303401947,0.19492140412330627,0.46666666865348816,1.929911732673645,4.098559379577637,,,,,,1.0,hrr,0.0025008663069456816,30,1536,test,hypernym,0.7460317611694336,17,node_disjoint,49,0.19492140412330627,0.46666666865348816,contextual_centered
0.03743957728147507,0.12723404169082642,0.3636363744735718,1.929911732673645,4.098559379577637,,,,,,1.0,hrr,0.0025066679809242487,33,1536,test,instance_hypernym,0.7460317611694336,17,node_disjoint,49,0.12723404169082642,0.3636363744735718,contextual_centered
0.10309599339962006,0.22944095730781555,0.5873016119003296,3.3796606063842773,8.239846229553223,0.14134688675403595,0.05081510916352272,0.14134687185287476,0.28876611590385437,3.8733890056610107,1.0,basis_offset_residual_hrr,0.0023356876336038113,63,3842,test,all,0.8095238208770752,17,node_disjoint,49,0.22944095730781555,0.5873016119003296,contextual_centered
0.06931246817111969,0.24193069338798523,0.5333333611488342,3.3796606063842773,8.239846229553223,0.14134688675403595,0.05081510916352272,0.14134687185287476,0.28876611590385437,3.8733890056610107,1.0,basis_offset_residual_hrr,0.002423665253445506,30,3842,test,hypernym,0.8095238208770752,17,node_disjoint,49,0.24193069338798523,0.5333333611488342,contextual_centered
0.13380831480026245,0.21808665990829468,0.6363636255264282,3.3796606063842773,8.239846229553223,0.14134688675403595,0.05081510916352272,0.14134687185287476,0.28876611590385437,3.8733890056610107,1.0,basis_offset_residual_hrr,0.002255707746371627,33,3842,test,instance_hypernym,0.8095238208770752,17,node_disjoint,49,0.21808665990829468,0.6363636255264282,contextual_centered
0.10497399419546127,0.23436462879180908,0.5555555820465088,3.3163528442382812,8.239846229553223,0.13719682395458221,0.050512660294771194,0.13719680905342102,0.28237786889076233,3.6553189754486084,1.0,basis_offset_diagonal_control,0.0023307970259338617,63,3842,test,all,0.8253968358039856,17,node_disjoint,49,0.23436462879180908,0.5555555820465088,contextual_centered
0.0720694437623024,0.25078365206718445,0.5,3.3163528442382812,8.239846229553223,0.13719682395458221,0.050512660294771194,0.13719680905342102,0.28237786889076233,3.6553189754486084,1.0,basis_offset_diagonal_control,0.002416485920548439,30,3842,test,hypernym,0.8253968358039856,17,node_disjoint,49,0.25078365206718445,0.5,contextual_centered
0.1348872184753418,0.21943821012973785,0.6060606241226196,3.3163528442382812,8.239846229553223,0.13719682395458221,0.050512660294771194,0.13719680905342102,0.28237786889076233,3.6553189754486084,1.0,basis_offset_diagonal_control,0.0022528977133333683,33,3842,test,instance_hypernym,0.8253968358039856,17,node_disjoint,49,0.21943821012973785,0.6060606241226196,contextual_centered
0.10372361540794373,0.23272137343883514,0.5555555820465088,3.358818292617798,8.239846229553223,0.13944661617279053,0.0492546409368515,0.13944661617279053,0.27922195196151733,3.8090665340423584,1.0,basis_offset_rotated_diagonal_control,0.002334053162485361,63,3842,test,all,0.8095238208770752,17,node_disjoint,49,0.23272137343883514,0.5555555820465088,contextual_centered
0.07095135003328323,0.24796448647975922,0.5333333611488342,3.358818292617798,8.239846229553223,0.13944661617279053,0.0492546409368515,0.13944661617279053,0.27922195196151733,3.8090665340423584,1.0,basis_offset_rotated_diagonal_control,0.0024193974677473307,30,3842,test,hypernym,0.8095238208770752,17,node_disjoint,49,0.24796448647975922,0.5333333611488342,contextual_centered
0.1335165798664093,0.21886394917964935,0.5757575631141663,3.358818292617798,8.239846229553223,0.13944661617279053,0.0492546409368515,0.13944661617279053,0.27922195196151733,3.8090665340423584,1.0,basis_offset_rotated_diagonal_control,0.0022564672399312258,33,3842,test,instance_hypernym,0.8095238208770752,17,node_disjoint,49,0.21886394917964935,0.5757575631141663,contextual_centered
0.07912365347146988,0.2609093487262726,0.4920634925365448,1.5106955766677856,8.239846229553223,,,,,,1.0,low_rank_matched,0.002398115349933505,63,3076,test,all,0.6507936716079712,17,node_disjoint,49,0.2609093487262726,0.4920634925365448,contextual_centered
0.06048639491200447,0.20478926599025726,0.4000000059604645,1.5106955766677856,8.239846229553223,,,,,,1.0,low_rank_matched,0.0024466500617563725,30,3076,test,hypernym,0.6507936716079712,17,node_disjoint,49,0.20478926599025726,0.4000000059604645,contextual_centered
0.09606662392616272,0.3119276165962219,0.5757575631141663,1.5106955766677856,8.239846229553223,,,,,,1.0,low_rank_matched,0.002353993244469166,33,3076,test,instance_hypernym,0.6507936716079712,17,node_disjoint,49,0.3119276165962219,0.5757575631141663,contextual_centered
-0.0148245207965374,0.06628862023353577,0.1269841343164444,3.2815113067626953,8.239846229553223,,,,,,1.0,shuffled_offset,0.0026427721604704857,63,1536,test,all,0.2380952388048172,17,node_disjoint,49,0.06628862023353577,0.1269841343164444,contextual_centered
0.011482641100883484,0.08119650185108185,0.13333334028720856,3.2815113067626953,8.239846229553223,,,,,,1.0,shuffled_offset,0.002574264071881771,30,1536,test,hypernym,0.2380952388048172,17,node_disjoint,49,0.08119650185108185,0.13333334028720856,contextual_centered
-0.0387401208281517,0.052736006677150726,0.12121212482452393,3.2815113067626953,8.239846229553223,,,,,,1.0,shuffled_offset,0.0027050520293414593,33,1536,test,instance_hypernym,0.2380952388048172,17,node_disjoint,49,0.052736006677150726,0.12121212482452393,contextual_centered
-0.0023203683085739613,0.07159406691789627,0.1269841343164444,3.3989622592926025,8.239846229553223,0.14132946729660034,0.051444023847579956,0.14132946729660034,0.2933136224746704,3.9165189266204834,1.0,shuffled_basis_offset_residual_hrr,0.00261020939797163,63,3842,test,all,0.2857142984867096,17,node_disjoint,49,0.07159406691789627,0.1269841343164444,contextual_centered
0.02742360718548298,0.08484651893377304,0.13333334028720856,3.3989622592926025,8.239846229553223,0.14132946729660034,0.051444023847579956,0.14132946729660034,0.2933136224746704,3.9165189266204834,1.0,shuffled_basis_offset_residual_hrr,0.0025327512994408607,30,3842,test,hypernym,0.2857142984867096,17,node_disjoint,49,0.08484651893377304,0.13333334028720856,contextual_centered
-0.029360340908169746,0.05954637750983238,0.12121212482452393,3.3989622592926025,8.239846229553223,0.14132946729660034,0.051444023847579956,0.14132946729660034,0.2933136224746704,3.9165189266204834,1.0,shuffled_basis_offset_residual_hrr,0.002680625533685088,33,3842,test,instance_hypernym,0.2857142984867096,17,node_disjoint,49,0.05954637750983238,0.12121212482452393,contextual_centered
-0.0005779815255664289,0.0713057741522789,0.1428571492433548,3.3519368171691895,8.239846229553223,0.1367073506116867,0.051081445068120956,0.1367073655128479,0.28745168447494507,3.739363431930542,1.0,shuffled_basis_offset_diagonal_control,0.0026056719943881035,63,3842,test,all,0.3174603283405304,17,node_disjoint,49,0.0713057741522789,0.1428571492433548,contextual_centered
0.030362416058778763,0.0866178348660469,0.1666666716337204,3.3519368171691895,8.239846229553223,0.1367073506116867,0.051081445068120956,0.1367073655128479,0.28745168447494507,3.739363431930542,1.0,shuffled_basis_offset_diagonal_control,0.0025250979233533144,30,3842,test,hypernym,0.3174603283405304,17,node_disjoint,49,0.0866178348660469,0.1666666716337204,contextual_centered
-0.028705619275569916,0.057385705411434174,0.12121212482452393,3.3519368171691895,8.239846229553223,0.1367073506116867,0.051081445068120956,0.1367073655128479,0.28745168447494507,3.739363431930542,1.0,shuffled_basis_offset_diagonal_control,0.0026789207477122545,33,3842,test,instance_hypernym,0.3174603283405304,17,node_disjoint,49,0.057385705411434174,0.12121212482452393,contextual_centered
-0.002599606988951564,0.07162445783615112,0.1269841343164444,3.3847594261169434,8.239846229553223,0.1392821967601776,0.0507298968732357,0.1392821967601776,0.28808262944221497,3.867795705795288,1.0,shuffled_basis_offset_rotated_diagonal_control,0.0026109362952411175,63,3842,test,all,0.2857142984867096,17,node_disjoint,49,0.07162445783615112,0.1269841343164444,contextual_centered
0.027889709919691086,0.08431244641542435,0.13333334028720856,3.3847594261169434,8.239846229553223,0.1392821967601776,0.0507298968732357,0.1392821967601776,0.28808262944221497,3.867795705795288,1.0,shuffled_basis_offset_rotated_diagonal_control,0.0025315373204648495,30,3842,test,hypernym,0.2857142984867096,17,node_disjoint,49,0.08431244641542435,0.13333334028720856,contextual_centered
-0.030317168682813644,0.060089923441410065,0.12121212482452393,3.3847594261169434,8.239846229553223,0.1392821967601776,0.0507298968732357,0.1392821967601776,0.28808262944221497,3.867795705795288,1.0,shuffled_basis_offset_rotated_diagonal_control,0.0026831175200641155,33,3842,test,instance_hypernym,0.2857142984867096,17,node_disjoint,49,0.060089923441410065,0.12121212482452393,contextual_centered
0.03762984648346901,0.1474674791097641,0.380952388048172,1.5555427074432373,8.239846229553223,,,,,,1.0,shuffled_low_rank_matched,0.0025061722844839096,63,3076,test,all,0.4126984179019928,17,node_disjoint,49,0.1474674791097641,0.380952388048172,contextual_centered
0.03291220963001251,0.10458076745271683,0.30000001192092896,1.5555427074432373,8.239846229553223,,,,,,1.0,shuffled_low_rank_matched,0.0025184578262269497,30,3076,test,hypernym,0.4126984179019928,17,node_disjoint,49,0.10458076745271683,0.30000001192092896,contextual_centered
0.041918616741895676,0.1864553987979889,0.4545454680919647,1.5555427074432373,8.239846229553223,,,,,,1.0,shuffled_low_rank_matched,0.0024950033985078335,33,3076,test,instance_hypernym,0.4126984179019928,17,node_disjoint,49,0.1864553987979889,0.4545454680919647,contextual_centered
0.09055270999670029,0.20914174616336823,0.5263158082962036,3.25087571144104,7.798465251922607,,,,,,1.0350877046585083,offset,0.0023683523759245872,57,1536,test,all,0.9122806787490845,37,node_disjoint,49,0.20848384499549866,0.5087719559669495,contextual_centered
0.10061764717102051,0.2508865296840668,0.5,3.25087571144104,7.798465251922607,,,,,,1.0,offset,0.002342141466215253,28,1536,test,hypernym,0.9122806787490845,37,node_disjoint,49,0.2508865296840668,0.5,contextual_centered
0.08083482086658478,0.16883641481399536,0.5517241358757019,3.25087571144104,7.798465251922607,,,,,,1.0689655542373657,offset,0.0023936594370752573,29,1536,test,instance_hypernym,0.9122806787490845,37,node_disjoint,49,0.16754330694675446,0.517241358757019,contextual_centered
0.046965356916189194,0.22206008434295654,0.45614033937454224,2.1113879680633545,4.007354736328125,,,,,,1.0350877046585083,hrr,0.002481861039996147,57,1536,test,all,0.719298243522644,37,node_disjoint,49,0.21621212363243103,0.45614033937454224,contextual_centered
0.057837460190057755,0.2328961044549942,0.4285714328289032,2.1113879680633545,4.007354736328125,,,,,,1.0,hrr,0.0024535483680665493,28,1536,test,hypernym,0.719298243522644,37,node_disjoint,49,0.2328961044549942,0.4285714328289032,contextual_centered
0.03646814823150635,0.21159771084785461,0.48275861144065857,2.1113879680633545,4.007354736328125,,,,,,1.0689655542373657,hrr,0.002509197685867548,29,1536,test,instance_hypernym,0.719298243522644,37,node_disjoint,49,0.20010346174240112,0.48275861144065857,contextual_centered
0.12623609602451324,0.21259374916553497,0.5263158082962036,3.3481905460357666,7.798465251922607,0.1411944329738617,0.04903861880302429,0.1411944329738617,0.27532365918159485,3.6312248706817627,1.0350877046585083,basis_offset_residual_hrr,0.002275426872074604,57,3842,test,all,0.859649121761322,37,node_disjoint,49,0.21156777441501617,0.5087719559669495,contextual_centered
0.12708620727062225,0.2566942274570465,0.4642857015132904,3.3481905460357666,7.798465251922607,0.1411944329738617,0.04903861880302429,0.1411944329738617,0.27532365918159485,3.6312248706817627,1.0,basis_offset_residual_hrr,0.0022732128854840994,28,3842,test,hypernym,0.859649121761322,37,node_disjoint,49,0.2566942274570465,0.4642857015132904,contextual_centered
0.12541528046131134,0.17001394927501678,0.5862069129943848,3.3481905460357666,7.798465251922607,0.1411944329738617,0.04903861880302429,0.1411944329738617,0.27532365918159485,3.6312248706817627,1.0689655542373657,basis_offset_residual_hrr,0.00227756449021399,29,3842,test,instance_hypernym,0.859649121761322,37,node_disjoint,49,0.16799741983413696,0.5517241358757019,contextual_centered
0.13301651179790497,0.22822408378124237,0.5438596606254578,3.303332567214966,7.798465251922607,0.13469183444976807,0.04827320575714111,0.13469183444976807,0.2678627669811249,3.4747254848480225,1.0350877046585083,basis_offset_diagonal_control,0.002257769461721182,57,3842,test,all,0.859649121761322,37,node_disjoint,49,0.22719810903072357,0.5263158082962036,contextual_centered
0.13842250406742096,0.26330673694610596,0.4642857015132904,3.303332567214966,7.798465251922607,0.13469183444976807,0.04827320575714111,0.13469183444976807,0.2678627669811249,3.4747254848480225,1.0,basis_offset_diagonal_control,0.0022436913568526506,28,3842,test,hypernym,0.859649121761322,37,node_disjoint,49,0.26330673694610596,0.4642857015132904,contextual_centered
0.12779690325260162,0.19435115158557892,0.6206896305084229,3.303332567214966,7.798465251922607,0.13469183444976807,0.04827320575714111,0.13469183444976807,0.2678627669811249,3.4747254848480225,1.0689655542373657,basis_offset_diagonal_control,0.0022713623475283384,29,3842,test,instance_hypernym,0.859649121761322,37,node_disjoint,49,0.1923346221446991,0.5862069129943848,contextual_centered
0.12890630960464478,0.21427695453166962,0.5438596606254578,3.337270498275757,7.798465251922607,0.13969938457012177,0.04791880026459694,0.13969938457012177,0.26856350898742676,3.590397357940674,1.0350877046585083,basis_offset_rotated_diagonal_control,0.0022684731520712376,57,3842,test,all,0.859649121761322,37,node_disjoint,49,0.21330229938030243,0.5263158082962036,contextual_centered
0.13088980317115784,0.2606298327445984,0.5,3.337270498275757,7.798465251922607,0.13969938457012177,0.04791880026459694,0.13969938457012177,0.26856350898742676,3.590397357940674,1.0,basis_offset_rotated_diagonal_control,0.00226330803707242,28,3842,test,hypernym,0.859649121761322,37,node_disjoint,49,0.2606298327445984,0.5,contextual_centered
0.12699121236801147,0.1695224493741989,0.5862069129943848,3.337270498275757,7.798465251922607,0.13969938457012177,0.04791880026459694,0.13969938457012177,0.26856350898742676,3.590397357940674,1.0689655542373657,basis_offset_rotated_diagonal_control,0.002273460617288947,29,3842,test,instance_hypernym,0.859649121761322,37,node_disjoint,49,0.16760674118995667,0.5517241358757019,contextual_centered
0.037426020950078964,0.18592645227909088,0.45614033937454224,1.760054588317871,7.798465251922607,,,,,,1.0350877046585083,low_rank_matched,0.0025067029055207968,57,3076,test,all,0.6315789222717285,37,node_disjoint,49,0.18475687503814697,0.45614033937454224,contextual_centered
0.06911946088075638,0.2041536271572113,0.4642857015132904,1.760054588317871,7.798465251922607,,,,,,1.0,low_rank_matched,0.0024241681676357985,28,3076,test,hypernym,0.6315789222717285,37,node_disjoint,49,0.2041536271572113,0.4642857015132904,contextual_centered
0.006825453136116266,0.16832780838012695,0.4482758641242981,1.760054588317871,7.798465251922607,,,,,,1.0689655542373657,low_rank_matched,0.002586392220109701,29,3076,test,instance_hypernym,0.6315789222717285,37,node_disjoint,49,0.1660289615392685,0.4482758641242981,contextual_centered
-0.01326562836766243,0.055906008929014206,0.08771929889917374,3.457413673400879,7.798465251922607,,,,,,1.0350877046585083,shuffled_offset,0.002638712525367737,57,1536,test,all,0.19298245012760162,37,node_disjoint,49,0.055752500891685486,0.08771929889917374,contextual_centered
0.0007871378911659122,0.05161420255899429,0.0714285746216774,3.457413673400879,7.798465251922607,,,,,,1.0,shuffled_offset,0.002602116670459509,28,1536,test,hypernym,0.19298245012760162,37,node_disjoint,49,0.05161420255899429,0.0714285746216774,contextual_centered
-0.026833821088075638,0.06004980951547623,0.1034482792019844,3.457413673400879,7.798465251922607,,,,,,1.0689655542373657,shuffled_offset,0.002674046205356717,29,1536,test,instance_hypernym,0.19298245012760162,37,node_disjoint,49,0.0597480870783329,0.1034482792019844,contextual_centered
0.013569507747888565,0.06506996601819992,0.10526315867900848,3.5744574069976807,7.798465251922607,0.14124733209609985,0.05094456672668457,0.14124733209609985,0.2899656593799591,3.8276031017303467,1.0350877046585083,shuffled_basis_offset_residual_hrr,0.002568829571828246,57,3842,test,all,0.22807016968727112,37,node_disjoint,49,0.06492683291435242,0.10526315867900848,contextual_centered
0.0387629009783268,0.06896332651376724,0.1071428582072258,3.5744574069976807,7.798465251922607,0.14124733209609985,0.05094456672668457,0.14124733209609985,0.2899656593799591,3.8276031017303467,1.0,shuffled_basis_offset_residual_hrr,0.0025032218545675278,28,3842,test,hypernym,0.22807016968727112,37,node_disjoint,49,0.06896332651376724,0.1071428582072258,contextual_centered
-0.010755153372883797,0.06131085008382797,0.1034482792019844,3.5744574069976807,7.798465251922607,0.14124733209609985,0.05094456672668457,0.14124733209609985,0.2899656593799591,3.8276031017303467,1.0689655542373657,shuffled_basis_offset_residual_hrr,0.00263217487372458,29,3842,test,instance_hypernym,0.22807016968727112,37,node_disjoint,49,0.061029523611068726,0.1034482792019844,contextual_centered
0.01788606494665146,0.06780172139406204,0.10526315867900848,3.5300216674804688,7.798465251922607,0.13562828302383423,0.050591032952070236,0.13562829792499542,0.28206005692481995,3.6301889419555664,1.0350877046585083,shuffled_basis_offset_diagonal_control,0.0025575885083526373,57,3842,test,all,0.24561403691768646,37,node_disjoint,49,0.0676189735531807,0.10526315867900848,contextual_centered
0.04287423565983772,0.07196859270334244,0.1071428582072258,3.5300216674804688,7.798465251922607,0.13562828302383423,0.050591032952070236,0.13562829792499542,0.28206005692481995,3.6301889419555664,1.0,shuffled_basis_offset_diagonal_control,0.0024925151374191046,28,3842,test,hypernym,0.24561403691768646,37,node_disjoint,49,0.07196859270334244,0.1071428582072258,contextual_centered
-0.006240447983145714,0.06377854198217392,0.1034482792019844,3.5300216674804688,7.798465251922607,0.13562828302383423,0.050591032952070236,0.13562829792499542,0.28206005692481995,3.6301889419555664,1.0689655542373657,shuffled_basis_offset_diagonal_control,0.0026204176247119904,29,3842,test,instance_hypernym,0.24561403691768646,37,node_disjoint,49,0.06341934949159622,0.1034482792019844,contextual_centered
0.013943800702691078,0.0658697858452797,0.12280701845884323,3.5633304119110107,7.798465251922607,0.1401892751455307,0.049981772899627686,0.1401892751455307,0.28343501687049866,3.7895963191986084,1.0350877046585083,shuffled_basis_offset_rotated_diagonal_control,0.0025678544770926237,57,3842,test,all,0.21052631735801697,37,node_disjoint,49,0.06575164198875427,0.12280701845884323,contextual_centered
0.037636931985616684,0.06914229691028595,0.1428571492433548,3.5633304119110107,7.798465251922607,0.1401892751455307,0.049981772899627686,0.1401892751455307,0.28343501687049866,3.7895963191986084,1.0,shuffled_basis_offset_rotated_diagonal_control,0.0025061536580324173,28,3842,test,hypernym,0.21052631735801697,37,node_disjoint,49,0.06914229691028595,0.1428571492433548,contextual_centered
-0.008932321332395077,0.06271011382341385,0.1034482792019844,3.5633304119110107,7.798465251922607,0.1401892751455307,0.049981772899627686,0.1401892751455307,0.28343501687049866,3.7895963191986084,1.0689655542373657,shuffled_basis_offset_rotated_diagonal_control,0.0026274281553924084,29,3842,test,instance_hypernym,0.21052631735801697,37,node_disjoint,49,0.06247791275382042,0.1034482792019844,contextual_centered
0.03721312806010246,0.09859660267829895,0.3684210479259491,1.9762482643127441,7.798465251922607,,,,,,1.0350877046585083,shuffled_low_rank_matched,0.0025072575081139803,57,3076,test,all,0.5789473652839661,37,node_disjoint,49,0.09824219346046448,0.35087719559669495,contextual_centered
0.03406398370862007,0.09367939084768295,0.2857142984867096,1.9762482643127441,7.798465251922607,,,,,,1.0,shuffled_low_rank_matched,0.0025154585018754005,28,3076,test,hypernym,0.5789473652839661,37,node_disjoint,49,0.09367939084768295,0.2857142984867096,contextual_centered
0.04025367647409439,0.10334426164627075,0.4482758641242981,1.9762482643127441,7.798465251922607,,,,,,1.0689655542373657,shuffled_low_rank_matched,0.002499339170753956,29,3076,test,instance_hypernym,0.5789473652839661,37,node_disjoint,49,0.10264763236045837,0.4137931168079376,contextual_centered
0.0852825716137886,0.23986554145812988,0.5901639461517334,3.2065837383270264,8.81508731842041,,,,,,1.0327868461608887,offset,0.0023820768110454082,61,1536,test,all,0.8852459192276001,59,node_disjoint,47,0.23651231825351715,0.5737704634666443,contextual_centered
0.04256188124418259,0.21586132049560547,0.4444444477558136,3.2065837383270264,8.81508731842041,,,,,,1.0,offset,0.0024933284148573875,27,1536,test,hypernym,0.8852459192276001,59,node_disjoint,47,0.21586132049560547,0.4444444477558136,contextual_centered
0.11920781433582306,0.25892770290374756,0.7058823704719543,3.2065837383270264,8.81508731842041,,,,,,1.058823585510254,offset,0.0022937296889722347,34,1536,test,instance_hypernym,0.8852459192276001,59,node_disjoint,47,0.25291168689727783,0.6764705777168274,contextual_centered
0.045659638941287994,0.19205603003501892,0.5081967115402222,1.91340970993042,3.9467153549194336,,,,,,1.0327868461608887,hrr,0.002485261531546712,61,1536,test,all,0.6557376980781555,59,node_disjoint,47,0.18940787017345428,0.49180328845977783,contextual_centered
0.037430815398693085,0.1602652370929718,0.48148149251937866,1.91340970993042,3.9467153549194336,,,,,,1.0,hrr,0.0025066903326660395,27,1536,test,hypernym,0.6557376980781555,59,node_disjoint,47,0.1602652370929718,0.48148149251937866,contextual_centered
0.052194297313690186,0.21730166673660278,0.529411792755127,1.91340970993042,3.9467153549194336,,,,,,1.058823585510254,hrr,0.0024682441726326942,34,1536,test,instance_hypernym,0.6557376980781555,59,node_disjoint,47,0.21255052089691162,0.5,contextual_centered
0.11665073037147522,0.25532832741737366,0.6229507923126221,3.423485279083252,8.81508731842041,0.14065319299697876,0.06494560092687607,0.14065319299697876,0.37774017453193665,4.545406341552734,1.0327868461608887,basis_offset_residual_hrr,0.002300388878211379,61,3842,test,all,0.8852459192276001,59,node_disjoint,47,0.25201061367988586,0.6065573692321777,contextual_centered
0.06561312079429626,0.2595501244068146,0.48148149251937866,3.423485279083252,8.81508731842041,0.14065319299697876,0.06494560092687607,0.14065319299697876,0.37774017453193665,4.545406341552734,1.0,basis_offset_residual_hrr,0.002433299319818616,27,3842,test,hypernym,0.8852459192276001,59,node_disjoint,47,0.2595501244068146,0.48148149251937866,contextual_centered
0.15718059241771698,0.25197574496269226,0.7352941036224365,3.423485279083252,8.81508731842041,0.14065319299697876,0.06494560092687607,0.14065319299697876,0.37774017453193665,4.545406341552734,1.058823585510254,basis_offset_residual_hrr,0.0021948423236608505,34,3842,test,instance_hypernym,0.8852459192276001,59,node_disjoint,47,0.24602334201335907,0.7058823704719543,contextual_centered
0.11818525195121765,0.26419878005981445,0.6229507923126221,3.402340888977051,8.81508731842041,0.13189925253391266,0.0669420138001442,0.13189925253391266,0.38439321517944336,4.485301494598389,1.0327868461608887,basis_offset_diagonal_control,0.0022963923402130604,61,3842,test,all,0.8852459192276001,59,node_disjoint,47,0.26096320152282715,0.6065573692321777,contextual_centered
0.07021103799343109,0.27990832924842834,0.5185185074806213,3.402340888977051,8.81508731842041,0.13189925253391266,0.0669420138001442,0.13189925253391266,0.38439321517944336,4.485301494598389,1.0,basis_offset_diagonal_control,0.0024213253054767847,27,3842,test,hypernym,0.8852459192276001,59,node_disjoint,47,0.27990832924842834,0.5185185074806213,contextual_centered
0.1562824249267578,0.2517234683036804,0.7058823704719543,3.402340888977051,8.81508731842041,0.13189925253391266,0.0669420138001442,0.13189925253391266,0.38439321517944336,4.485301494598389,1.058823585510254,basis_offset_diagonal_control,0.0021971811074763536,34,3842,test,instance_hypernym,0.8852459192276001,59,node_disjoint,47,0.24591849744319916,0.6764705777168274,contextual_centered
0.11703129857778549,0.2545524835586548,0.6229507923126221,3.4182331562042236,8.81508731842041,0.13788996636867523,0.06372421234846115,0.13788996636867523,0.3693995475769043,4.543092727661133,1.0327868461608887,basis_offset_rotated_diagonal_control,0.002299397485330701,61,3842,test,all,0.8852459192276001,59,node_disjoint,47,0.2512737810611725,0.6065573692321777,contextual_centered
0.06726957112550735,0.25774839520454407,0.48148149251937866,3.4182331562042236,8.81508731842041,0.13788996636867523,0.06372421234846115,0.13788996636867523,0.3693995475769043,4.543092727661133,1.0,basis_offset_rotated_diagonal_control,0.002428985433652997,27,3842,test,hypernym,0.8852459192276001,59,node_disjoint,47,0.25774839520454407,0.48148149251937866,contextual_centered
0.15654796361923218,0.25201454758644104,0.7352941036224365,3.4182331562042236,8.81508731842041,0.13788996636867523,0.06372421234846115,0.13788996636867523,0.3693995475769043,4.543092727661133,1.058823585510254,basis_offset_rotated_diagonal_control,0.0021964898332953453,34,3842,test,instance_hypernym,0.8852459192276001,59,node_disjoint,47,0.24613220989704132,0.7058823704719543,contextual_centered
0.07749399542808533,0.2128489911556244,0.4590163826942444,1.3924485445022583,8.81508731842041,,,,,,1.0327868461608887,low_rank_matched,0.002402359386906028,61,3076,test,all,0.6229507923126221,59,node_disjoint,47,0.21011674404144287,0.44262295961380005,contextual_centered
0.05284419655799866,0.19896964728832245,0.40740740299224854,1.3924485445022583,8.81508731842041,,,,,,1.0,low_rank_matched,0.0024665514938533306,27,3076,test,hypernym,0.6229507923126221,59,node_disjoint,47,0.19896964728832245,0.40740740299224854,contextual_centered
0.09706884622573853,0.22387084364891052,0.5,1.3924485445022583,8.81508731842041,,,,,,1.058823585510254,low_rank_matched,0.002351383212953806,34,3076,test,instance_hypernym,0.6229507923126221,59,node_disjoint,47,0.21896886825561523,0.47058823704719543,contextual_centered
-0.0253109410405159,0.056156665086746216,0.04918032884597778,3.284003734588623,8.81508731842041,,,,,,1.0327868461608887,shuffled_offset,0.0026700806338340044,61,1536,test,all,0.13114753365516663,59,node_disjoint,47,0.05594198778271675,0.04918032884597778,contextual_centered
0.0013182240072637796,0.0814208835363388,0.1111111119389534,3.284003734588623,8.81508731842041,,,,,,1.0,shuffled_offset,0.002600733656436205,27,1536,test,hypernym,0.13114753365516663,59,node_disjoint,47,0.0814208835363388,0.1111111119389534,contextual_centered
-0.046457625925540924,0.036093905568122864,0.0,3.284003734588623,8.81508731842041,,,,,,1.058823585510254,shuffled_offset,0.0027251499705016613,34,1536,test,instance_hypernym,0.13114753365516663,59,node_disjoint,47,0.035708751529455185,0.0,contextual_centered
-0.014519349671900272,0.06520188599824905,0.08196721225976944,3.521594524383545,8.81508731842041,0.14065021276474,0.06521733105182648,0.14065021276474,0.3822228014469147,4.769853115081787,1.0327868461608887,shuffled_basis_offset_residual_hrr,0.0026419772766530514,61,3842,test,all,0.1803278625011444,59,node_disjoint,47,0.06468062847852707,0.08196721225976944,contextual_centered
0.015026739798486233,0.09464507550001144,0.18518517911434174,3.521594524383545,8.81508731842041,0.14065021276474,0.06521733105182648,0.14065021276474,0.3822228014469147,4.769853115081787,1.0,shuffled_basis_offset_residual_hrr,0.002565034432336688,27,3842,test,hypernym,0.1803278625011444,59,node_disjoint,47,0.09464507550001144,0.18518517911434174,contextual_centered
-0.03798241913318634,0.04182051867246628,0.0,3.521594524383545,8.81508731842041,0.14065021276474,0.06521733105182648,0.14065021276474,0.3822228014469147,4.769853115081787,1.058823585510254,shuffled_basis_offset_residual_hrr,0.0027030794881284237,34,3842,test,instance_hypernym,0.1803278625011444,59,node_disjoint,47,0.0408853255212307,0.0,contextual_centered
-0.010313902050256729,0.06900965422391891,0.14754098653793335,3.4904003143310547,8.81508731842041,0.1340617686510086,0.0673937052488327,0.134061798453331,0.38956785202026367,4.655343055725098,1.0327868461608887,shuffled_basis_offset_diagonal_control,0.0026310256216675043,61,3842,test,all,0.19672131538391113,59,node_disjoint,47,0.06842812895774841,0.14754098653793335,contextual_centered
0.021618559956550598,0.10256041586399078,0.3333333432674408,3.4904003143310547,8.81508731842041,0.1340617686510086,0.0673937052488327,0.134061798453331,0.38956785202026367,4.655343055725098,1.0,shuffled_basis_offset_diagonal_control,0.002547868061810732,27,3842,test,hypernym,0.19672131538391113,59,node_disjoint,47,0.10256041586399078,0.3333333432674408,contextual_centered
-0.035672031342983246,0.042366400361061096,0.0,3.4904003143310547,8.81508731842041,0.1340617686510086,0.0673937052488327,0.134061798453331,0.38956785202026367,4.655343055725098,1.058823585510254,shuffled_basis_offset_diagonal_control,0.002697062212973833,34,3842,test,instance_hypernym,0.19672131538391113,59,node_disjoint,47,0.04132307693362236,0.0,contextual_centered
-0.013384520076215267,0.06629166007041931,0.13114753365516663,3.510408639907837,8.81508731842041,0.13842260837554932,0.06439559906721115,0.13842260837554932,0.3757226765155792,4.746456146240234,1.0327868461608887,shuffled_basis_offset_rotated_diagonal_control,0.002639021957293153,61,3842,test,all,0.19672131538391113,59,node_disjoint,47,0.06571013480424881,0.13114753365516663,contextual_centered
0.017509307712316513,0.09717845916748047,0.29629629850387573,3.510408639907837,8.81508731842041,0.13842260837554932,0.06439559906721115,0.13842260837554932,0.3757226765155792,4.746456146240234,1.0,shuffled_basis_offset_rotated_diagonal_control,0.0025585696566849947,27,3842,test,hypernym,0.19672131538391113,59,node_disjoint,47,0.09717845916748047,0.29629629850387573,contextual_centered
-0.0379178561270237,0.04176390916109085,0.0,3.510408639907837,8.81508731842041,0.13842260837554932,0.06439559906721115,0.13842260837554932,0.3757226765155792,4.746456146240234,1.058823585510254,shuffled_basis_offset_rotated_diagonal_control,0.0027029109187424183,34,3842,test,instance_hypernym,0.19672131538391113,59,node_disjoint,47,0.040720585733652115,0.0,contextual_centered
0.036285411566495895,0.15026308596134186,0.2295081913471222,1.4857414960861206,8.81508731842041,,,,,,1.0327868461608887,shuffled_low_rank_matched,0.0025096735917031765,61,3076,test,all,0.2950819730758667,59,node_disjoint,47,0.14960923790931702,0.2295081913471222,contextual_centered
0.0584607869386673,0.22798040509223938,0.3333333432674408,1.4857414960861206,8.81508731842041,,,,,,1.0,shuffled_low_rank_matched,0.0024519250728189945,27,3076,test,hypernym,0.2950819730758667,59,node_disjoint,47,0.22798040509223938,0.3333333432674408,contextual_centered
0.0186755508184433,0.08854638785123825,0.14705882966518402,1.4857414960861206,8.81508731842041,,,,,,1.058823585510254,shuffled_low_rank_matched,0.00255553238093853,34,3076,test,instance_hypernym,0.2950819730758667,59,node_disjoint,47,0.0873732715845108,0.14705882966518402,contextual_centered
