ari,ari_heldout,experiment,false_split_rate,parameters,policy,precision,raw_false_split_rate,raw_precision,raw_splits,recall,seed,splits,target,test_cosine,train_cosine
nan,nan,D0.2,0.0,3456,none,nan,0.0,nan,0,0.0,101,0,atomics,0.9493324756622314,0.9570280313491821
1.0,0.125,D0.2,0.025,6528,m3,0.8888888888888888,0.4,0.3333333333333333,24,1.0,101,9,atomics,0.9543076157569885,0.9999819397926331
1.0,0.14285714285714285,D0.2,0.175,6528,m3_anderson,0.5,0.425,0.2916666666666667,24,0.875,101,14,atomics,0.9533817768096924,0.9962016344070435
1.0,0.0,D0.2,0.075,6528,coherence_only,0.6666666666666666,0.45,0.25,24,0.75,101,9,atomics,0.9497913122177124,0.9903473854064941
0.023244086920029848,0.09648351648351648,D0.2,0.425,6528,random,0.10526315789473684,0.55,0.08333333333333333,24,0.25,101,19,atomics,0.9483252167701721,0.9599107503890991
1.0,1.0,D0.2,nan,3968,oracle,nan,nan,nan,0,nan,101,0,atomics,0.9998136162757874,0.9998250007629395
nan,nan,D0.2,0.0,3456,none,nan,0.0,nan,0,0.0,101,0,relations,0.9049631357192993,0.9232946634292603
1.0,0.0,D0.2,0.0,3840,m3,1.0,0.25,0.6666666666666666,3,1.0,101,2,relations,0.914448618888855,0.9999985694885254
1.0,0.0,D0.2,0.0,3840,m3_anderson,1.0,0.25,0.6666666666666666,3,1.0,101,2,relations,0.914448618888855,0.9999985694885254
1.0,0.0,D0.2,0.0,3840,coherence_only,1.0,0.5,0.3333333333333333,3,0.5,101,1,relations,0.8999250531196594,0.9591083526611328
nan,nan,D0.2,0.5,3840,random,0.0,0.75,0.0,3,0.0,101,2,relations,0.9039097428321838,0.9235696792602539
1.0,1.0,D0.2,nan,3584,oracle,nan,nan,nan,0,nan,101,0,relations,0.9998562335968018,0.9998489618301392
nan,nan,D0.2,0.0,3456,none,nan,0.0,nan,0,0.0,202,0,atomics,0.9487693905830383,0.9579617381095886
1.0,0.0,D0.2,0.0,6528,m3,1.0,0.4,0.3333333333333333,24,1.0,202,8,atomics,0.9510544538497925,0.9999890327453613
0.984163434708625,0.0,D0.2,0.25,6528,m3_anderson,0.4117647058823529,0.425,0.2916666666666667,24,0.875,202,17,atomics,0.9507266283035278,0.9975203275680542
1.0,0.0,D0.2,0.05,6528,coherence_only,0.7777777777777778,0.425,0.2916666666666667,24,0.875,202,9,atomics,0.9455919861793518,0.9947440028190613
0.03298901556310816,0.046779100529100504,D0.2,0.425,6528,random,0.15,0.525,0.125,24,0.375,202,20,atomics,0.939685046672821,0.9609558582305908
1.0,1.0,D0.2,nan,3968,oracle,nan,nan,nan,0,nan,202,0,atomics,0.9999341368675232,0.9999346137046814
nan,nan,D0.2,0.0,3456,none,nan,0.0,nan,0,0.0,202,0,relations,0.903999924659729,0.9176875948905945
1.0,0.0,D0.2,0.0,3840,m3,1.0,0.25,0.6666666666666666,3,1.0,202,2,relations,0.9130444526672363,0.9999992847442627
1.0,0.0,D0.2,0.0,3840,m3_anderson,1.0,0.25,0.6666666666666666,3,1.0,202,2,relations,0.9130444526672363,0.9999992847442627
1.0,0.0,D0.2,0.0,3840,coherence_only,1.0,0.5,0.3333333333333333,3,0.5,202,1,relations,0.9003430008888245,0.9605520367622375
-0.0017695120465232499,0.05257483354320469,D0.2,0.5,3840,random,0.3333333333333333,0.5,0.3333333333333333,3,0.5,202,3,relations,0.9030992984771729,0.9187108874320984
1.0,1.0,D0.2,nan,3584,oracle,nan,nan,nan,0,nan,202,0,relations,0.9998177886009216,0.9998245239257812
nan,nan,D0.2,0.0,3456,none,nan,0.0,nan,0,0.0,303,0,atomics,0.9405482411384583,0.9587715864181519
1.0,0.0,D0.2,0.0,6528,m3,1.0,0.4,0.3333333333333333,24,1.0,303,8,atomics,0.9456548094749451,0.9999710321426392
1.0,0.0,D0.2,0.0,6528,m3_anderson,1.0,0.4,0.3333333333333333,24,1.0,303,8,atomics,0.9456548094749451,0.9999710321426392
1.0,0.0,D0.2,0.0,6528,coherence_only,1.0,0.4,0.3333333333333333,24,1.0,303,8,atomics,0.9298692941665649,0.9999734163284302
-0.0034387679636043713,0.46709285062086897,D0.2,0.425,6528,random,0.10526315789473684,0.55,0.08333333333333333,24,0.25,303,19,atomics,0.9416590929031372,0.9611403942108154
1.0,1.0,D0.2,nan,3968,oracle,nan,nan,nan,0,nan,303,0,atomics,0.9998173713684082,0.9998215436935425
nan,nan,D0.2,0.0,3456,none,nan,0.0,nan,0,0.0,303,0,relations,0.8977838158607483,0.9232645034790039
1.0,0.0,D0.2,0.0,3840,m3,1.0,0.25,0.6666666666666666,3,1.0,303,2,relations,0.9006476402282715,0.9999983906745911
1.0,0.0,D0.2,0.0,3840,m3_anderson,1.0,0.25,0.6666666666666666,3,1.0,303,2,relations,0.9006476402282715,0.9999983906745911
1.0,0.0,D0.2,0.0,3840,coherence_only,1.0,0.25,0.6666666666666666,3,1.0,303,2,relations,0.8996250033378601,0.9999983906745911
-0.0022898608682972855,-0.0012672810108101276,D0.2,0.25,3840,random,0.6666666666666666,0.25,0.6666666666666666,3,1.0,303,3,relations,0.8976595997810364,0.924319863319397
1.0,1.0,D0.2,nan,3584,oracle,nan,nan,nan,0,nan,303,0,relations,0.9998447895050049,0.9998483657836914
