index,relation,source,target
0,hypernym,alliance.n.02,connection.n.01
1,hypernym,perplex.v.01,confuse.v.02
2,hypernym,coat.v.03,cover.v.02
3,hypernym,scroll.n.02,manuscript.n.02
4,hypernym,raise.v.02,move.v.02
5,hypernym,pass.n.06,permission.n.01
6,hypernym,follow.v.01,travel.v.01
7,hypernym,argon.n.01,chemical_element.n.01
8,hypernym,repent.v.02,feel.v.01
9,hypernym,discord.n.02,disagreement.n.03
10,hypernym,square.n.06,conservative.n.01
11,hypernym,tax.v.02,determine.v.03
12,hypernym,byssus.n.01,fiber.n.01
13,hypernym,grade.n.03,gradient.n.02
14,hypernym,theatrical_performance.n.01,performance.n.01
15,hypernym,log.v.02,fell.v.01
16,hypernym,food.n.03,content.n.05
17,hypernym,landfall.n.01,seashore.n.01
18,hypernym,manufacture.v.01,make.v.15
19,hypernym,defeat.n.01,ending.n.04
20,hypernym,solve.v.01,understand.v.01
21,hypernym,veteran.n.01,serviceman.n.01
22,hypernym,yak.v.01,communicate.v.02
23,hypernym,deny.v.01,contradict.v.02
24,instance_hypernym,david.n.03,king.n.01
25,instance_hypernym,homer.n.02,poet.n.01
26,instance_hypernym,gent.n.03,port.n.01
27,instance_hypernym,todd.n.01,chemist.n.01
28,instance_hypernym,mill.n.03,economist.n.01
29,instance_hypernym,diesel.n.01,engineer.n.01
30,instance_hypernym,hall.n.09,explorer.n.01
31,instance_hypernym,booth.n.03,actor.n.01
32,instance_hypernym,ur.n.01,city.n.01
33,instance_hypernym,wood.n.05,writer.n.01
34,instance_hypernym,land.n.10,inventor.n.01
35,instance_hypernym,day.n.10,writer.n.01
36,instance_hypernym,wake_island.n.01,island.n.01
37,instance_hypernym,ruth.n.02,wife.n.01
38,instance_hypernym,fuller.n.02,architect.n.01
39,instance_hypernym,orion.n.02,constellation.n.02
40,instance_hypernym,burns.n.02,poet.n.01
41,instance_hypernym,colon.n.04,city.n.01
42,instance_hypernym,chang_jiang.n.01,river.n.01
43,instance_hypernym,nation.n.03,dry.n.01
44,instance_hypernym,young.n.02,actress.n.01
45,instance_hypernym,sax.n.01,maker.n.01
46,instance_hypernym,grant.n.06,president_of_the_united_states.n.01
47,instance_hypernym,twin.n.03,waterfall.n.01
48,member_meronym,fleet.n.01,aircraft.n.01
49,member_meronym,pack_of_cards.n.01,queen.n.07
50,member_meronym,citizenry.n.01,citizen.n.01
51,member_meronym,military.n.01,medical_officer.n.01
52,member_meronym,forest.n.01,tree.n.01
53,member_meronym,kin.n.02,relative.n.01
54,member_meronym,constituency.n.01,constituent.n.02
55,member_meronym,royalty.n.02,king.n.01
56,member_meronym,people.n.01,person.n.01
57,member_meronym,business.n.01,division.n.04
58,member_meronym,football_team.n.01,secondary.n.01
59,member_meronym,staff.n.03,professor.n.01
60,member_meronym,keyboard.n.01,key.n.15
61,member_meronym,order.n.12,family.n.06
62,member_meronym,confederacy.n.01,alabama.n.01
63,member_meronym,wedding.n.03,bride.n.03
64,member_meronym,fishing_gear.n.01,bob.n.05
65,member_meronym,galaxy.n.03,star.n.01
66,member_meronym,samurai.n.02,samurai.n.01
67,member_meronym,scale.n.06,note.n.03
68,member_meronym,colony.n.01,colonial.n.01
69,member_meronym,family.n.02,sibling.n.01
70,member_meronym,guard.n.06,bodyguard.n.01
71,member_meronym,family.n.02,parent.n.01
72,substance_meronym,fluorite.n.01,fluorine.n.01
73,substance_meronym,fluorite.n.01,calcium.n.01
74,substance_meronym,grape.n.01,wine.n.01
75,substance_meronym,ginger.n.02,ginger.n.03
76,substance_meronym,canvas.n.01,hemp.n.01
77,substance_meronym,street.n.01,pavement.n.01
78,substance_meronym,screen.n.05,screening.n.02
79,substance_meronym,oak.n.02,oak.n.01
80,substance_meronym,pastry.n.02,flour.n.01
81,substance_meronym,coffee.n.01,caffeine.n.01
82,substance_meronym,perspiration.n.01,water.n.01
83,substance_meronym,quartz.n.02,silicon.n.01
84,substance_meronym,steel.n.01,iron.n.01
85,substance_meronym,mint.n.05,mint.n.04
86,substance_meronym,cotton.n.02,cotton.n.01
87,substance_meronym,bronze.n.01,copper.n.01
88,substance_meronym,clay.n.01,silicon.n.01
89,substance_meronym,tendon.n.01,collagen.n.01
90,substance_meronym,carapace.n.01,shell.n.02
91,substance_meronym,ash.n.02,ash.n.03
92,substance_meronym,mortar.n.02,cement.n.02
93,substance_meronym,tile.n.02,clay.n.01
94,substance_meronym,ice.n.01,water.n.01
95,substance_meronym,padding.n.01,straw.n.01
96,part_meronym,piano.n.01,keyboard.n.01
97,part_meronym,united_states.n.01,missouri.n.01
98,part_meronym,surface.n.03,body_of_water.n.01
99,part_meronym,face.n.01,brow.n.01
100,part_meronym,platform.n.03,operating_system.n.01
101,part_meronym,weaponry.n.01,weapon.n.01
102,part_meronym,united_states.n.01,oklahoma.n.01
103,part_meronym,herb.n.01,vegetable.n.01
104,part_meronym,sea.n.01,bay.n.01
105,part_meronym,body.n.01,head.n.01
106,part_meronym,step.n.04,tread.n.04
107,part_meronym,lamp.n.02,base.n.19
108,part_meronym,operating_system.n.01,supervisory_program.n.01
109,part_meronym,vehicle.n.01,splashboard.n.02
110,part_meronym,mise_en_scene.n.01,flat.n.06
111,part_meronym,ship.n.01,funnel.n.03
112,part_meronym,bridge.n.04,nasal.n.02
113,part_meronym,sky.n.01,rainbow.n.01
114,part_meronym,arch.n.04,keystone.n.02
115,part_meronym,torso.n.01,side.n.03
116,part_meronym,wall.n.01,course.n.08
117,part_meronym,house.n.01,library.n.01
118,part_meronym,airport.n.01,airdock.n.01
119,part_meronym,sole.n.03,ball.n.10
120,antonym,aged.n.01,young.n.09
121,antonym,common.a.01,individual.a.01
122,antonym,man.n.08,woman.n.02
123,antonym,cool.a.04,warm.a.02
124,antonym,accessible.a.01,inaccessible.a.01
125,antonym,continual.a.01,sporadic.a.01
126,antonym,disliked.a.01,liked.a.01
127,antonym,negative.a.01,positive.a.01
128,antonym,strong.a.01,weak.a.01
129,antonym,blow_up.v.02,reduce.v.09
130,antonym,abridge.v.01,elaborate.v.01
131,antonym,predictable.a.01,unpredictable.a.01
132,antonym,general.n.03,particular.n.01
133,antonym,level.v.02,raise.v.09
134,antonym,inward.a.01,outward.a.01
135,antonym,treated.a.02,untreated.a.01
136,antonym,fledged.a.01,unfledged.a.01
137,antonym,narrow.a.04,wide.a.05
138,antonym,related.a.02,unrelated.a.02
139,antonym,absence.n.01,presence.n.01
140,antonym,junior.a.01,senior.a.01
141,antonym,strengthen.v.02,weaken.v.02
142,antonym,bound.a.02,free.a.02
143,antonym,fancy.a.01,plain.a.02
144,attribute,present.a.02,presence.n.01
145,attribute,male.a.01,sex.n.04
146,attribute,standard.a.01,measure.n.02
147,attribute,position.n.07,interior.a.01
148,attribute,measure.n.02,standard.a.01
149,attribute,varied.a.01,diverseness.n.01
150,attribute,conventionality.n.03,unconventional.a.01
151,attribute,light.a.06,light.n.07
152,attribute,unpleasant.a.01,pleasantness.n.02
153,attribute,quality.n.02,superior.a.01
154,attribute,minor.a.03,minority.n.02
155,attribute,independence.n.01,independent.a.01
156,attribute,obedient.a.01,obedience.n.02
157,attribute,likelihood.n.01,unlikely.a.02
158,attribute,confidence.n.02,confident.a.01
159,attribute,accurate.a.01,accuracy.n.01
160,attribute,responsible.a.01,responsibility.n.03
161,attribute,value.n.04,light.a.02
162,attribute,old.a.02,age.n.01
163,attribute,conventional.a.01,conventionality.n.03
164,attribute,immature.a.04,maturity.n.02
165,attribute,sincere.a.01,sincerity.n.02
166,attribute,handiness.n.02,accessible.a.01
167,attribute,timing.n.01,succeeding.a.01
