cosine,final_loss,initial_loss,method,mse,n,parameters,relation,relation_accuracy,seed,split_mode,target_candidates,target_mrr,target_recall_at_10,track
0.19079814851284027,0.7832531332969666,0.7832531332969666,additive,0.0021072968374937773,42,0,all,0.1666666716337204,11,edge_disjoint,42,0.49559998512268066,0.8095238208770752,static_centered
0.13187691569328308,0.7832531332969666,0.7832531332969666,additive,0.0022607373539358377,7,0,hypernym,0.1666666716337204,11,edge_disjoint,7,0.80952388048172,1.0,static_centered
0.04037153720855713,0.7832531332969666,0.7832531332969666,additive,0.00249903229996562,4,0,instance_hypernym,0.1666666716337204,11,edge_disjoint,4,0.5,1.0,static_centered
0.2668880522251129,0.7832531332969666,0.7832531332969666,additive,0.0019091458525508642,6,0,member_meronym,0.1666666716337204,11,edge_disjoint,6,0.7222221493721008,1.0,static_centered
0.23623250424861908,0.7832531332969666,0.7832531332969666,additive,0.001988978125154972,6,0,substance_meronym,0.1666666716337204,11,edge_disjoint,6,0.5333333611488342,1.0,static_centered
0.12517642974853516,0.7832531332969666,0.7832531332969666,additive,0.0022781863808631897,8,0,part_meronym,0.1666666716337204,11,edge_disjoint,8,0.6845238208770752,1.0,static_centered
0.37394702434539795,0.7832531332969666,0.7832531332969666,additive,0.0016303464071825147,3,0,antonym,0.1666666716337204,11,edge_disjoint,3,1.0,1.0,static_centered
0.22336526215076447,0.7832531332969666,0.7832531332969666,additive,0.0020224861800670624,8,0,attribute,0.1666666716337204,11,edge_disjoint,8,0.7749999761581421,1.0,static_centered
0.13317814469337463,,,relation_mean,0.0022573485039174557,42,,all,,11,edge_disjoint,42,0.31355229020118713,0.6666666865348816,static_centered
0.10992763936519623,,,relation_mean,0.0023178968112915754,7,,hypernym,,11,edge_disjoint,7,0.37040814757347107,1.0,static_centered
0.3630300462245941,,,relation_mean,0.0016587759600952268,4,,instance_hypernym,,11,edge_disjoint,4,0.5208333730697632,1.0,static_centered
0.09785792976617813,,,relation_mean,0.002349328249692917,6,,member_meronym,,11,edge_disjoint,6,0.40833333134651184,1.0,static_centered
0.1790146380662918,,,relation_mean,0.0021379829850047827,6,,substance_meronym,,11,edge_disjoint,6,0.40833333134651184,1.0,static_centered
0.0510442890226841,,,relation_mean,0.002471239073202014,8,,part_meronym,,11,edge_disjoint,8,0.3397321403026581,1.0,static_centered
0.14685289561748505,,,relation_mean,0.0022217375226318836,3,,antonym,,11,edge_disjoint,3,0.6111111044883728,1.0,static_centered
0.10771502554416656,,,relation_mean,0.0023236589040607214,8,,attribute,,11,edge_disjoint,8,0.33973217010498047,1.0,static_centered
0.20991112291812897,0.6367781162261963,0.7852928638458252,offset,0.0020575232338160276,42,5376,all,0.5,11,edge_disjoint,42,0.5153157114982605,0.8571428656578064,static_centered
0.13564123213291168,0.6367781162261963,0.7852928638458252,offset,0.0022509342525154352,7,5376,hypernym,0.5,11,edge_disjoint,7,0.41326528787612915,1.0,static_centered
0.3641417622566223,0.6367781162261963,0.7852928638458252,offset,0.0016558808274567127,4,5376,instance_hypernym,0.5,11,edge_disjoint,4,0.5208333730697632,1.0,static_centered
0.20623856782913208,0.6367781162261963,0.7852928638458252,offset,0.002067086985334754,6,5376,member_meronym,0.5,11,edge_disjoint,6,0.6805555820465088,1.0,static_centered
0.26492583751678467,0.6367781162261963,0.7852928638458252,offset,0.0019142557866871357,6,5376,substance_meronym,0.5,11,edge_disjoint,6,0.4972222149372101,1.0,static_centered
0.09485486894845963,0.6367781162261963,0.7852928638458252,offset,0.0023571487981826067,8,5376,part_meronym,0.5,11,edge_disjoint,8,0.45729169249534607,1.0,static_centered
0.3734663724899292,0.6367781162261963,0.7852928638458252,offset,0.0016315981047227979,3,5376,antonym,0.5,11,edge_disjoint,3,1.0,1.0,static_centered
0.2129983901977539,0.6367781162261963,0.7852928638458252,offset,0.002049483358860016,8,5376,attribute,0.5,11,edge_disjoint,8,0.75,1.0,static_centered
0.13575142621994019,0.6668007969856262,0.9998109936714172,hrr,0.00225064717233181,42,5376,all,0.1666666716337204,11,edge_disjoint,42,0.44474169611930847,0.738095223903656,static_centered
0.02562066540122032,0.6668007969856262,0.9998109936714172,hrr,0.0025374460965394974,7,5376,hypernym,0.1666666716337204,11,edge_disjoint,7,0.4571428596973419,1.0,static_centered
-0.000930524431169033,0.6668007969856262,0.9998109936714172,hrr,0.0026065895799547434,4,5376,instance_hypernym,0.1666666716337204,11,edge_disjoint,4,0.3125,1.0,static_centered
0.16656029224395752,0.6668007969856262,0.9998109936714172,hrr,0.002170416060835123,6,5376,member_meronym,0.1666666716337204,11,edge_disjoint,6,0.6666666865348816,1.0,static_centered
0.2156277298927307,0.6668007969856262,0.9998109936714172,hrr,0.0020426360424607992,6,5376,substance_meronym,0.1666666716337204,11,edge_disjoint,6,0.5333333611488342,1.0,static_centered
0.09248542040586472,0.6668007969856262,0.9998109936714172,hrr,0.0023633192759007215,8,5376,part_meronym,0.1666666716337204,11,edge_disjoint,8,0.6916666626930237,1.0,static_centered
0.33398211002349854,0.6668007969856262,0.9998109936714172,hrr,0.0017344214720651507,3,5376,antonym,0.1666666716337204,11,edge_disjoint,3,1.0,1.0,static_centered
0.18637247383594513,0.6668007969856262,0.9998109936714172,hrr,0.0021188214886933565,8,5376,attribute,0.1666666716337204,11,edge_disjoint,8,0.7708333134651184,1.0,static_centered
0.14351069927215576,0.6659088134765625,0.7852928638458252,diagonal,0.002230440964922309,42,5376,all,0.3095238208770752,11,edge_disjoint,42,0.4663284718990326,0.738095223903656,static_centered
0.0529717281460762,0.6659088134765625,0.7852928638458252,diagonal,0.00246621947735548,7,5376,hypernym,0.3095238208770752,11,edge_disjoint,7,0.5642856955528259,1.0,static_centered
0.058796800673007965,0.6659088134765625,0.7852928638458252,diagonal,0.0024510500952601433,4,5376,instance_hypernym,0.3095238208770752,11,edge_disjoint,4,0.4375,1.0,static_centered
0.17446129024028778,0.6659088134765625,0.7852928638458252,diagonal,0.002149840584024787,6,5376,member_meronym,0.3095238208770752,11,edge_disjoint,6,0.7222221493721008,1.0,static_centered
0.2164543867111206,0.6659088134765625,0.7852928638458252,diagonal,0.002040483523160219,6,5376,substance_meronym,0.3095238208770752,11,edge_disjoint,6,0.5194444060325623,1.0,static_centered
0.06871531158685684,0.6659088134765625,0.7852928638458252,diagonal,0.002425220562145114,8,5376,part_meronym,0.3095238208770752,11,edge_disjoint,8,0.7303571701049805,1.0,static_centered
0.3404962122440338,0.6659088134765625,0.7852928638458252,diagonal,0.001717457897029817,3,5376,antonym,0.3095238208770752,11,edge_disjoint,3,1.0,1.0,static_centered
0.188094362616539,0.6659088134765625,0.7852928638458252,diagonal,0.0021143376361578703,8,5376,attribute,0.3095238208770752,11,edge_disjoint,8,0.7541666626930237,1.0,static_centered
0.13257050514221191,0.20450441539287567,0.7866270542144775,low_rank,0.0022589308209717274,42,86016,all,0.3333333432674408,11,edge_disjoint,42,0.404783695936203,0.761904776096344,static_centered
0.03479309007525444,0.20450441539287567,0.7866270542144775,low_rank,0.0025135595351457596,7,86016,hypernym,0.3333333432674408,11,edge_disjoint,7,0.31904762983322144,1.0,static_centered
0.3380458950996399,0.20450441539287567,0.7866270542144775,low_rank,0.0017238389700651169,4,86016,instance_hypernym,0.3333333432674408,11,edge_disjoint,4,0.7083333730697632,1.0,static_centered
0.11122306436300278,0.20450441539287567,0.7866270542144775,low_rank,0.0023145233280956745,6,86016,member_meronym,0.3333333432674408,11,edge_disjoint,6,0.46388888359069824,1.0,static_centered
0.2188691347837448,0.20450441539287567,0.7866270542144775,low_rank,0.002034194767475128,6,86016,substance_meronym,0.3333333432674408,11,edge_disjoint,6,0.6111111044883728,1.0,static_centered
0.04984945058822632,0.20450441539287567,0.7866270542144775,low_rank,0.002474350156262517,8,86016,part_meronym,0.3333333432674408,11,edge_disjoint,8,0.4595237970352173,1.0,static_centered
0.19575631618499756,0.20450441539287567,0.7866270542144775,low_rank,0.0020943847484886646,3,86016,antonym,0.3333333432674408,11,edge_disjoint,3,1.0,1.0,static_centered
0.12570108473300934,0.20450441539287567,0.7866270542144775,low_rank,0.002276819897815585,8,86016,attribute,0.3333333432674408,11,edge_disjoint,8,0.6157737970352173,1.0,static_centered
0.13323567807674408,0.6849290728569031,1.005246877670288,shuffled_hrr,0.0022571987938135862,42,5376,all,0.261904776096344,11,edge_disjoint,42,0.49780863523483276,0.738095223903656,static_centered
0.07935100793838501,0.6849290728569031,1.005246877670288,shuffled_hrr,0.002397523494437337,7,5376,hypernym,0.261904776096344,11,edge_disjoint,7,0.6309524178504944,1.0,static_centered
0.0072213998064398766,0.6849290728569031,1.005246877670288,shuffled_hrr,0.0025853607803583145,4,5376,instance_hypernym,0.261904776096344,11,edge_disjoint,4,0.375,1.0,static_centered
0.18324320018291473,0.6849290728569031,1.005246877670288,shuffled_hrr,0.0021269707940518856,6,5376,member_meronym,0.261904776096344,11,edge_disjoint,6,0.680555522441864,1.0,static_centered
0.1419871300458908,0.6849290728569031,1.005246877670288,shuffled_hrr,0.002234408399090171,6,5376,substance_meronym,0.261904776096344,11,edge_disjoint,6,0.5888888835906982,1.0,static_centered
0.09576117992401123,0.6849290728569031,1.005246877670288,shuffled_hrr,0.0023547883611172438,8,5376,part_meronym,0.261904776096344,11,edge_disjoint,8,0.640625,1.0,static_centered
0.2819904088973999,0.6849290728569031,1.005246877670288,shuffled_hrr,0.0018698167987167835,3,5376,antonym,0.261904776096344,11,edge_disjoint,3,1.0,1.0,static_centered
0.18101412057876587,0.6849290728569031,1.005246877670288,shuffled_hrr,0.002132775727659464,8,5376,attribute,0.261904776096344,11,edge_disjoint,8,0.8541666269302368,1.0,static_centered
0.3392648696899414,0.7149591445922852,0.7149591445922852,additive,0.00172066455706954,42,0,all,0.1666666716337204,11,edge_disjoint,42,0.3239209055900574,0.5952380895614624,contextual_centered
0.36897796392440796,0.7149591445922852,0.7149591445922852,additive,0.001643286901526153,7,0,hypernym,0.1666666716337204,11,edge_disjoint,7,0.5166666507720947,1.0,contextual_centered
-0.13081094622612,0.7149591445922852,0.7149591445922852,additive,0.0029448203276842833,4,0,instance_hypernym,0.1666666716337204,11,edge_disjoint,4,0.5,1.0,contextual_centered
0.3776843845844269,0.7149591445922852,0.7149591445922852,additive,0.0016206135042011738,6,0,member_meronym,0.1666666716337204,11,edge_disjoint,6,0.6944444179534912,1.0,contextual_centered
0.38781383633613586,0.7149591445922852,0.7149591445922852,additive,0.001594234723597765,6,0,substance_meronym,0.1666666716337204,11,edge_disjoint,6,0.5472221970558167,1.0,contextual_centered
0.30811044573783875,0.7149591445922852,0.7149591445922852,additive,0.0018017957918345928,8,0,part_meronym,0.1666666716337204,11,edge_disjoint,8,0.5208333134651184,1.0,contextual_centered
0.7855870127677917,0.7149591445922852,0.7149591445922852,additive,0.0005583676393143833,3,0,antonym,0.1666666716337204,11,edge_disjoint,3,1.0,1.0,contextual_centered
0.34686124324798584,0.7149591445922852,0.7149591445922852,additive,0.0017008823342621326,8,0,attribute,0.1666666716337204,11,edge_disjoint,8,0.5260416865348816,1.0,contextual_centered
0.2572632133960724,,,relation_mean,0.0019342104205861688,42,,all,,11,edge_disjoint,42,0.18620720505714417,0.5476190447807312,contextual_centered
0.19210775196552277,,,relation_mean,0.0021038861013948917,7,,hypernym,,11,edge_disjoint,7,0.37040814757347107,1.0,contextual_centered
0.4714268147945404,,,relation_mean,0.0013764925533905625,4,,instance_hypernym,,11,edge_disjoint,4,0.5208333730697632,1.0,contextual_centered
0.07500314712524414,,,relation_mean,0.0024088460486382246,6,,member_meronym,,11,edge_disjoint,6,0.40833333134651184,1.0,contextual_centered
0.4942127466201782,,,relation_mean,0.001317154266871512,6,,substance_meronym,,11,edge_disjoint,6,0.40833333134651184,1.0,contextual_centered
0.19187478721141815,,,relation_mean,0.00210449262522161,8,,part_meronym,,11,edge_disjoint,8,0.3397321403026581,1.0,contextual_centered
0.2640485167503357,,,relation_mean,0.0019165403209626675,3,,antonym,,11,edge_disjoint,3,0.6111111044883728,1.0,contextual_centered
0.2290191948413849,,,relation_mean,0.0020077629014849663,8,,attribute,,11,edge_disjoint,8,0.33973217010498047,1.0,contextual_centered
0.3707410991191864,0.5399470329284668,0.716821014881134,offset,0.0016386952484026551,42,5376,all,0.2857142984867096,11,edge_disjoint,42,0.33132919669151306,0.6666666865348816,contextual_centered
0.2957759201526642,0.5399470329284668,0.716821014881134,offset,0.0018339167581871152,7,5376,hypernym,0.2857142984867096,11,edge_disjoint,7,0.5714285969734192,1.0,contextual_centered
0.4471204876899719,0.5399470329284668,0.716821014881134,offset,0.0014397905906662345,4,5376,instance_hypernym,0.2857142984867096,11,edge_disjoint,4,0.4791666865348816,1.0,contextual_centered
0.14636902511119843,0.5399470329284668,0.716821014881134,offset,0.0022229976020753384,6,5376,member_meronym,0.2857142984867096,11,edge_disjoint,6,0.5055555701255798,1.0,contextual_centered
0.5342742800712585,0.5399470329284668,0.716821014881134,offset,0.001212827512063086,6,5376,substance_meronym,0.2857142984867096,11,edge_disjoint,6,0.43611112236976624,1.0,contextual_centered
0.3439672589302063,0.5399470329284668,0.716821014881134,offset,0.001708418712951243,8,5376,part_meronym,0.2857142984867096,11,edge_disjoint,8,0.5520833730697632,1.0,contextual_centered
0.737147331237793,0.5399470329284668,0.716821014881134,offset,0.0006845123716630042,3,5376,antonym,0.2857142984867096,11,edge_disjoint,3,1.0,1.0,contextual_centered
0.3331465423107147,0.5399470329284668,0.716821014881134,offset,0.0017365975072607398,8,5376,attribute,0.2857142984867096,11,edge_disjoint,8,0.4781250059604645,1.0,contextual_centered
0.29632264375686646,0.608527421951294,1.0013909339904785,hrr,0.0018324932316318154,42,5376,all,0.3095238208770752,11,edge_disjoint,42,0.32243427634239197,0.6666666865348816,contextual_centered
0.17715129256248474,0.608527421951294,1.0013909339904785,hrr,0.0021428351756185293,7,5376,hypernym,0.3095238208770752,11,edge_disjoint,7,0.6238095164299011,1.0,contextual_centered
0.23332178592681885,0.608527421951294,1.0013909339904785,hrr,0.001996557926759124,4,5376,instance_hypernym,0.3095238208770752,11,edge_disjoint,4,0.5208333730697632,1.0,contextual_centered
0.19435782730579376,0.608527421951294,1.0013909339904785,hrr,0.0020980266854166985,6,5376,member_meronym,0.3095238208770752,11,edge_disjoint,6,0.6805555820465088,1.0,contextual_centered
0.3995361328125,0.608527421951294,1.0013909339904785,hrr,0.0015637081814929843,6,5376,substance_meronym,0.3095238208770752,11,edge_disjoint,6,0.5277777314186096,1.0,contextual_centered
0.23442479968070984,0.608527421951294,1.0013909339904785,hrr,0.001993685495108366,8,5376,part_meronym,0.3095238208770752,11,edge_disjoint,8,0.6395833492279053,1.0,contextual_centered
0.7642919421195984,0.608527421951294,1.0013909339904785,hrr,0.0006138234166428447,3,5376,antonym,0.3095238208770752,11,edge_disjoint,3,1.0,1.0,contextual_centered
0.31757086515426636,0.608527421951294,1.0013909339904785,hrr,0.0017771593993529677,8,5376,attribute,0.3095238208770752,11,edge_disjoint,8,0.5406249761581421,1.0,contextual_centered
0.24354679882526398,0.6102504134178162,0.716821014881134,diagonal,0.001969930250197649,42,5376,all,0.1428571492433548,11,edge_disjoint,42,0.321681946516037,0.5714285969734192,contextual_centered
0.1978835016489029,0.6102504134178162,0.716821014881134,diagonal,0.0020888452418148518,7,5376,hypernym,0.1428571492433548,11,edge_disjoint,7,0.5680271983146667,1.0,contextual_centered
0.07093217968940735,0.6102504134178162,0.716821014881134,diagonal,0.0024194472935050726,4,5376,instance_hypernym,0.1428571492433548,11,edge_disjoint,4,0.6458333730697632,1.0,contextual_centered
0.09621775150299072,0.6102504134178162,0.716821014881134,diagonal,0.0023535997606813908,6,5376,member_meronym,0.1428571492433548,11,edge_disjoint,6,0.4166666567325592,1.0,contextual_centered
0.378505676984787,0.6102504134178162,0.716821014881134,diagonal,0.001618474954739213,6,5376,substance_meronym,0.1428571492433548,11,edge_disjoint,6,0.5333333611488342,1.0,contextual_centered
0.13909012079238892,0.6102504134178162,0.716821014881134,diagonal,0.002241953043267131,8,5376,part_meronym,0.1428571492433548,11,edge_disjoint,8,0.3531250059604645,1.0,contextual_centered
0.6609194278717041,0.6102504134178162,0.716821014881134,diagonal,0.0008830225560814142,3,5376,antonym,0.1428571492433548,11,edge_disjoint,3,1.0,1.0,contextual_centered
0.32702910900115967,0.6102504134178162,0.716821014881134,diagonal,0.0017525287112221122,8,5376,attribute,0.1428571492433548,11,edge_disjoint,8,0.5532737970352173,1.0,contextual_centered
0.23360426723957062,0.06738689541816711,0.7185025215148926,low_rank,0.0019958221819251776,42,86016,all,0.2857142984867096,11,edge_disjoint,42,0.27090591192245483,0.4047619104385376,contextual_centered
0.03707192465662956,0.06738689541816711,0.7185025215148926,low_rank,0.0025076251477003098,7,86016,hypernym,0.2857142984867096,11,edge_disjoint,7,0.3499999940395355,1.0,contextual_centered
0.2899092435836792,0.06738689541816711,0.7185025215148926,low_rank,0.0018491946393623948,4,86016,instance_hypernym,0.2857142984867096,11,edge_disjoint,4,0.3541666865348816,1.0,contextual_centered
-0.04656505584716797,0.06738689541816711,0.7185025215148926,low_rank,0.0027254298329353333,6,86016,member_meronym,0.2857142984867096,11,edge_disjoint,6,0.2888889014720917,1.0,contextual_centered
0.6520056128501892,0.06738689541816711,0.7185025215148926,low_rank,0.0009062353055924177,6,86016,substance_meronym,0.2857142984867096,11,edge_disjoint,6,0.5833333134651184,1.0,contextual_centered
0.15893511474132538,0.06738689541816711,0.7185025215148926,low_rank,0.002190273255109787,8,86016,part_meronym,0.2857142984867096,11,edge_disjoint,8,0.4386904835700989,1.0,contextual_centered
0.5680018067359924,0.06738689541816711,0.7185025215148926,low_rank,0.001124995294958353,3,86016,antonym,0.2857142984867096,11,edge_disjoint,3,0.8333333134651184,1.0,contextual_centered
0.22301363945007324,0.06738689541816711,0.7185025215148926,low_rank,0.0020234021358191967,8,86016,attribute,0.2857142984867096,11,edge_disjoint,8,0.444940447807312,1.0,contextual_centered
0.2661469578742981,0.6436130404472351,1.0036072731018066,shuffled_hrr,0.0019110755529254675,42,5376,all,0.1666666716337204,11,edge_disjoint,42,0.3419281542301178,0.6190476417541504,contextual_centered
0.1960877627134323,0.6436130404472351,1.0036072731018066,shuffled_hrr,0.0020935216452926397,7,5376,hypernym,0.1666666716337204,11,edge_disjoint,7,0.5928571820259094,1.0,contextual_centered
-0.018812905997037888,0.6436130404472351,1.0036072731018066,shuffled_hrr,0.0026531582698225975,4,5376,instance_hypernym,0.1666666716337204,11,edge_disjoint,4,0.5,1.0,contextual_centered
0.29222404956817627,0.6436130404472351,1.0036072731018066,shuffled_hrr,0.0018431666539981961,6,5376,member_meronym,0.1666666716337204,11,edge_disjoint,6,0.6666666865348816,1.0,contextual_centered
0.26870378851890564,0.6436130404472351,1.0036072731018066,shuffled_hrr,0.0019044174114242196,6,5376,substance_meronym,0.1666666716337204,11,edge_disjoint,6,0.4583333432674408,1.0,contextual_centered
0.2386157512664795,0.6436130404472351,1.0036072731018066,shuffled_hrr,0.001982771558687091,8,5376,part_meronym,0.1666666716337204,11,edge_disjoint,8,0.6041666269302368,1.0,contextual_centered
0.6899781227111816,0.6436130404472351,1.0036072731018066,shuffled_hrr,0.0008073491044342518,3,5376,antonym,0.1666666716337204,11,edge_disjoint,3,1.0,1.0,contextual_centered
0.3170478343963623,0.6436130404472351,1.0036072731018066,shuffled_hrr,0.0017785216914489865,8,5376,attribute,0.1666666716337204,11,edge_disjoint,8,0.4635416865348816,1.0,contextual_centered
0.2046269178390503,0.8392503261566162,0.8392503261566162,additive,0.0020712842233479023,41,0,all,0.09756097197532654,11,node_disjoint,41,0.591655433177948,0.7317073345184326,static_centered
0.030211705714464188,0.8392503261566162,0.8392503261566162,additive,0.002525490475818515,4,0,hypernym,0.09756097197532654,11,node_disjoint,4,0.6666666865348816,1.0,static_centered
0.008584312163293362,0.8392503261566162,0.8392503261566162,additive,0.0025818117428570986,4,0,instance_hypernym,0.09756097197532654,11,node_disjoint,4,0.5208333730697632,1.0,static_centered
0.21376879513263702,0.8392503261566162,0.8392503261566162,additive,0.0020474770572036505,6,0,member_meronym,0.09756097197532654,11,node_disjoint,6,0.8888888955116272,1.0,static_centered
0.26739302277565,0.8392503261566162,0.8392503261566162,additive,0.0019078308250755072,6,0,substance_meronym,0.09756097197532654,11,node_disjoint,6,0.75,1.0,static_centered
0.1648607701063156,0.8392503261566162,0.8392503261566162,additive,0.0021748419385403395,6,0,part_meronym,0.09756097197532654,11,node_disjoint,6,0.7777778506278992,1.0,static_centered
0.3322567343711853,0.8392503261566162,0.8392503261566162,additive,0.0017389149870723486,11,0,antonym,0.09756097197532654,11,node_disjoint,11,0.8311688899993896,1.0,static_centered
0.1758900284767151,0.8392503261566162,0.8392503261566162,additive,0.002146119950339198,4,0,attribute,0.09756097197532654,11,node_disjoint,4,0.7083333730697632,1.0,static_centered
0.0921735167503357,,,relation_mean,0.0023641313891857862,41,,all,,11,node_disjoint,41,0.2323637753725052,0.6097561120986938,static_centered
0.06224541738629341,,,relation_mean,0.0024420691188424826,4,,hypernym,,11,node_disjoint,4,0.5208333730697632,1.0,static_centered
0.23902316391468048,,,relation_mean,0.001981710782274604,4,,instance_hypernym,,11,node_disjoint,4,0.5208333730697632,1.0,static_centered
0.07660941779613495,,,relation_mean,0.0024046627804636955,6,,member_meronym,,11,node_disjoint,6,0.40833333134651184,1.0,static_centered
0.04669276997447014,,,relation_mean,0.002482570940628648,6,,substance_meronym,,11,node_disjoint,6,0.40833333134651184,1.0,static_centered
-0.00563391437754035,,,relation_mean,0.002618838334456086,6,,part_meronym,,11,node_disjoint,6,0.40833333134651184,1.0,static_centered
0.10998282581567764,,,relation_mean,0.0023177529219537973,11,,antonym,,11,node_disjoint,11,0.27453428506851196,0.9090909361839294,static_centered
0.16455483436584473,,,relation_mean,0.0021756382193416357,4,,attribute,,11,node_disjoint,4,0.5208333134651184,1.0,static_centered
0.1702231913805008,0.5173857808113098,0.8414358496665955,offset,0.002160876989364624,41,5376,all,0.4146341383457184,11,node_disjoint,41,0.4902077317237854,0.8292682766914368,static_centered
0.06504558026790619,0.5173857808113098,0.8414358496665955,offset,0.002434777095913887,4,5376,hypernym,0.4146341383457184,11,node_disjoint,4,0.5208333134651184,1.0,static_centered
0.23991933465003967,0.5173857808113098,0.8414358496665955,offset,0.0019793768879026175,4,5376,instance_hypernym,0.4146341383457184,11,node_disjoint,4,0.5208333730697632,1.0,static_centered
0.11994156986474991,0.5173857808113098,0.8414358496665955,offset,0.0022918186150491238,6,5376,member_meronym,0.4146341383457184,11,node_disjoint,6,0.6111111044883728,1.0,static_centered
0.14071254432201385,0.5173857808113098,0.8414358496665955,offset,0.002237727865576744,6,5376,substance_meronym,0.4146341383457184,11,node_disjoint,6,0.5694444179534912,1.0,static_centered
0.024304697290062904,0.5173857808113098,0.8414358496665955,offset,0.0025408731307834387,6,5376,part_meronym,0.4146341383457184,11,node_disjoint,6,0.4777778089046478,1.0,static_centered
0.29650092124938965,0.5173857808113098,0.8414358496665955,offset,0.0018320288509130478,11,5376,antonym,0.4146341383457184,11,node_disjoint,11,0.7885675430297852,0.9090909361839294,static_centered
0.19700708985328674,0.5173857808113098,0.8414358496665955,offset,0.002091127447783947,4,5376,attribute,0.4146341383457184,11,node_disjoint,4,0.5833333730697632,1.0,static_centered
0.10474715381860733,0.5549586415290833,1.0072593688964844,hrr,0.0023313877172768116,41,5376,all,0.2195121943950653,11,node_disjoint,41,0.4289817810058594,0.5121951103210449,static_centered
-0.031801581382751465,0.5549586415290833,1.0072593688964844,hrr,0.0026869832072407007,4,5376,hypernym,0.2195121943950653,11,node_disjoint,4,0.3541666865348816,1.0,static_centered
0.010168254375457764,0.5549586415290833,1.0072593688964844,hrr,0.0025776869151741266,4,5376,instance_hypernym,0.2195121943950653,11,node_disjoint,4,0.5833333730697632,1.0,static_centered
0.06106746196746826,0.5549586415290833,1.0072593688964844,hrr,0.002445136895403266,6,5376,member_meronym,0.2195121943950653,11,node_disjoint,6,0.6805555820465088,1.0,static_centered
0.12598851323127747,0.5549586415290833,1.0072593688964844,hrr,0.002276072045788169,6,5376,substance_meronym,0.2195121943950653,11,node_disjoint,6,0.699999988079071,1.0,static_centered
0.004228259436786175,0.5549586415290833,1.0072593688964844,hrr,0.0025931554846465588,6,5376,part_meronym,0.2195121943950653,11,node_disjoint,6,0.375,1.0,static_centered
0.25513598322868347,0.5549586415290833,1.0072593688964844,hrr,0.0019397500436753035,11,5376,antonym,0.2195121943950653,11,node_disjoint,11,0.8131313323974609,1.0,static_centered
0.10674124211072922,0.5549586415290833,1.0072593688964844,hrr,0.0023261948954313993,4,5376,attribute,0.2195121943950653,11,node_disjoint,4,0.8333333134651184,1.0,static_centered
0.11912824213504791,0.5637970566749573,0.8414358496665955,diagonal,0.0022939371410757303,41,5376,all,0.2682926654815674,11,node_disjoint,41,0.4846175014972687,0.707317054271698,static_centered
0.030909821391105652,0.5637970566749573,0.8414358496665955,diagonal,0.0025236723013222218,4,5376,hypernym,0.2682926654815674,11,node_disjoint,4,0.6666666865348816,1.0,static_centered
0.038747869431972504,0.5637970566749573,0.8414358496665955,diagonal,0.0025032605044543743,4,5376,instance_hypernym,0.2682926654815674,11,node_disjoint,4,0.5208333730697632,1.0,static_centered
0.06331086158752441,0.5637970566749573,0.8414358496665955,diagonal,0.002439294708892703,6,5376,member_meronym,0.2682926654815674,11,node_disjoint,6,0.6666666865348816,1.0,static_centered
0.10079449415206909,0.5637970566749573,0.8414358496665955,diagonal,0.002341681160032749,6,5376,substance_meronym,0.2682926654815674,11,node_disjoint,6,0.49166667461395264,1.0,static_centered
0.06179774925112724,0.5637970566749573,0.8414358496665955,diagonal,0.002443235134705901,6,5376,part_meronym,0.2682926654815674,11,node_disjoint,6,0.8333333134651184,1.0,static_centered
0.2593364417552948,0.5637970566749573,0.8414358496665955,diagonal,0.0019288113107904792,11,5376,antonym,0.2682926654815674,11,node_disjoint,11,0.810606062412262,1.0,static_centered
0.09937694668769836,0.5637970566749573,0.8414358496665955,diagonal,0.0023453726898878813,4,5376,attribute,0.2682926654815674,11,node_disjoint,4,0.6875,1.0,static_centered
0.11083894968032837,0.014887915924191475,0.8427561521530151,low_rank,0.0023155235685408115,41,86016,all,0.2682926654815674,11,node_disjoint,41,0.4211686849594116,0.6097561120986938,static_centered
-0.03016985021531582,0.014887915924191475,0.8427561521530151,low_rank,0.0026827340479940176,4,86016,hypernym,0.2682926654815674,11,node_disjoint,4,0.5208333730697632,1.0,static_centered
-0.004684673622250557,0.014887915924191475,0.8427561521530151,low_rank,0.002616366371512413,4,86016,instance_hypernym,0.2682926654815674,11,node_disjoint,4,0.4583333432674408,1.0,static_centered
0.07541380822658539,0.014887915924191475,0.8427561521530151,low_rank,0.0024077764246612787,6,86016,member_meronym,0.2682926654815674,11,node_disjoint,6,0.7416666150093079,1.0,static_centered
0.12170896679162979,0.014887915924191475,0.8427561521530151,low_rank,0.0022872162517160177,6,86016,substance_meronym,0.2682926654815674,11,node_disjoint,6,0.6722221970558167,1.0,static_centered
0.03975158557295799,0.014887915924191475,0.8427561521530151,low_rank,0.002500646747648716,6,86016,part_meronym,0.2682926654815674,11,node_disjoint,6,0.5416666865348816,1.0,static_centered
0.23890118300914764,0.014887915924191475,0.8427561521530151,low_rank,0.0019820283632725477,11,86016,antonym,0.2682926654815674,11,node_disjoint,11,0.7651514410972595,1.0,static_centered
0.15866410732269287,0.014887915924191475,0.8427561521530151,low_rank,0.002190978964790702,4,86016,attribute,0.2682926654815674,11,node_disjoint,4,0.7083333730697632,1.0,static_centered
0.04438037425279617,0.5661993622779846,1.004015326499939,shuffled_hrr,0.0024885928723961115,41,5376,all,0.1463414579629898,11,node_disjoint,41,0.30225056409835815,0.5609756112098694,static_centered
0.02023942768573761,0.5661993622779846,1.004015326499939,shuffled_hrr,0.00255145994015038,4,5376,hypernym,0.1463414579629898,11,node_disjoint,4,0.625,1.0,static_centered
0.0017300769686698914,0.5661993622779846,1.004015326499939,shuffled_hrr,0.002599661238491535,4,5376,instance_hypernym,0.1463414579629898,11,node_disjoint,4,0.6875,1.0,static_centered
0.06576203554868698,0.5661993622779846,1.004015326499939,shuffled_hrr,0.0024329114239662886,6,5376,member_meronym,0.1463414579629898,11,node_disjoint,6,0.8888888955116272,1.0,static_centered
0.04507540538907051,0.5661993622779846,1.004015326499939,shuffled_hrr,0.0024867828469723463,6,5376,substance_meronym,0.1463414579629898,11,node_disjoint,6,0.5611110925674438,1.0,static_centered
0.07285462319850922,0.5661993622779846,1.004015326499939,shuffled_hrr,0.002414440969005227,6,5376,part_meronym,0.1463414579629898,11,node_disjoint,6,0.5555555820465088,1.0,static_centered
0.03935731574892998,0.5661993622779846,1.004015326499939,shuffled_hrr,0.0025016735307872295,11,5376,antonym,0.1463414579629898,11,node_disjoint,11,0.4603174924850464,1.0,static_centered
0.04915861412882805,0.5661993622779846,1.004015326499939,shuffled_hrr,0.002476149471476674,4,5376,attribute,0.1463414579629898,11,node_disjoint,4,0.7083333730697632,1.0,static_centered
0.2955884337425232,0.7354365587234497,0.7354365587234497,additive,0.0018344051204621792,41,0,all,0.09756097197532654,11,node_disjoint,41,0.34190499782562256,0.5853658318519592,contextual_centered
-0.07137376815080643,0.7354365587234497,0.7354365587234497,additive,0.0027900359127670527,4,0,hypernym,0.09756097197532654,11,node_disjoint,4,0.4791666865348816,1.0,contextual_centered
-0.2520782947540283,0.7354365587234497,0.7354365587234497,additive,0.0032606206368654966,4,0,instance_hypernym,0.09756097197532654,11,node_disjoint,4,0.4791666865348816,1.0,contextual_centered
0.19699852168560028,0.7354365587234497,0.7354365587234497,additive,0.0020911497995257378,6,0,member_meronym,0.09756097197532654,11,node_disjoint,6,0.555555522441864,1.0,contextual_centered
0.47847676277160645,0.7354365587234497,0.7354365587234497,additive,0.0013581335078924894,6,0,substance_meronym,0.09756097197532654,11,node_disjoint,6,0.7083333134651184,1.0,contextual_centered
0.27838000655174255,0.7354365587234497,0.7354365587234497,additive,0.0018792187329381704,6,0,part_meronym,0.09756097197532654,11,node_disjoint,6,0.4777778089046478,1.0,contextual_centered
0.49119833111763,0.7354365587234497,0.7354365587234497,additive,0.0013250045012682676,11,0,antonym,0.09756097197532654,11,node_disjoint,11,0.6196280717849731,0.9090909361839294,contextual_centered
0.5716555714607239,0.7354365587234497,0.7354365587234497,additive,0.0011154800886288285,4,0,attribute,0.09756097197532654,11,node_disjoint,4,0.5833333730697632,1.0,contextual_centered
0.1631038933992386,,,relation_mean,0.0021794168278574944,41,,all,,11,node_disjoint,41,0.14988070726394653,0.46341463923454285,contextual_centered
0.04882550239562988,,,relation_mean,0.0024770169984549284,4,,hypernym,,11,node_disjoint,4,0.5208333730697632,1.0,contextual_centered
0.4252404570579529,,,relation_mean,0.001496769837103784,4,,instance_hypernym,,11,node_disjoint,4,0.5208333730697632,1.0,contextual_centered
0.07813206315040588,,,relation_mean,0.0024006979074329138,6,,member_meronym,,11,node_disjoint,6,0.4083333909511566,1.0,contextual_centered
0.27927830815315247,,,relation_mean,0.0018768790178000927,6,,substance_meronym,,11,node_disjoint,6,0.4083333909511566,1.0,contextual_centered
-0.006963025312870741,,,relation_mean,0.0026222998276352882,6,,part_meronym,,11,node_disjoint,6,0.40833333134651184,1.0,contextual_centered
0.11087042838335037,,,relation_mean,0.002315441844984889,11,,antonym,,11,node_disjoint,11,0.27453431487083435,0.9090909361839294,contextual_centered
0.36718422174453735,,,relation_mean,0.0016479577170684934,4,,attribute,,11,node_disjoint,4,0.5208333730697632,1.0,contextual_centered
0.343984454870224,0.38746923208236694,0.7373517751693726,offset,0.0017083738930523396,41,5376,all,0.24390242993831635,11,node_disjoint,41,0.36496439576148987,0.6829268336296082,contextual_centered
0.04269300401210785,0.38746923208236694,0.7373517751693726,offset,0.0024929868523031473,4,5376,hypernym,0.24390242993831635,11,node_disjoint,4,0.5416666865348816,1.0,contextual_centered
0.4199044406414032,0.38746923208236694,0.7373517751693726,offset,0.0015106654027476907,4,5376,instance_hypernym,0.24390242993831635,11,node_disjoint,4,0.6458333730697632,1.0,contextual_centered
0.32591870427131653,0.38746923208236694,0.7373517751693726,offset,0.0017554203514009714,6,5376,member_meronym,0.24390242993831635,11,node_disjoint,6,0.644444465637207,1.0,contextual_centered
0.34037327766418457,0.38746923208236694,0.7373517751693726,offset,0.001717778155580163,6,5376,substance_meronym,0.24390242993831635,11,node_disjoint,6,0.519444465637207,1.0,contextual_centered
0.15183119475841522,0.38746923208236694,0.7373517751693726,offset,0.002208773046731949,6,5376,part_meronym,0.24390242993831635,11,node_disjoint,6,0.519444465637207,1.0,contextual_centered
0.4551073908805847,0.38746923208236694,0.7373517751693726,offset,0.0014189912471920252,11,5376,antonym,0.24390242993831635,11,node_disjoint,11,0.6219696998596191,1.0,contextual_centered
0.5845131278038025,0.38746923208236694,0.7373517751693726,offset,0.0010819969465956092,4,5376,attribute,0.24390242993831635,11,node_disjoint,4,0.625,1.0,contextual_centered
0.27156731486320496,0.4802247881889343,0.9995642304420471,hrr,0.0018969601951539516,41,5376,all,0.31707316637039185,11,node_disjoint,41,0.3752542734146118,0.5853658318519592,contextual_centered
0.16534879803657532,0.4802247881889343,0.9995642304420471,hrr,0.0021735706832259893,4,5376,hypernym,0.31707316637039185,11,node_disjoint,4,0.7083333730697632,1.0,contextual_centered
0.18802902102470398,0.4802247881889343,0.9995642304420471,hrr,0.002114508068189025,4,5376,instance_hypernym,0.31707316637039185,11,node_disjoint,4,0.5208333730697632,1.0,contextual_centered
0.12399262189865112,0.4802247881889343,0.9995642304420471,hrr,0.002281269058585167,6,5376,member_meronym,0.31707316637039185,11,node_disjoint,6,0.555555522441864,1.0,contextual_centered
0.21164578199386597,0.4802247881889343,0.9995642304420471,hrr,0.0020530058536678553,6,5376,substance_meronym,0.31707316637039185,11,node_disjoint,6,0.7833333015441895,1.0,contextual_centered
0.1280665546655655,0.4802247881889343,0.9995642304420471,hrr,0.0022706598974764347,6,5376,part_meronym,0.31707316637039185,11,node_disjoint,6,0.39444446563720703,1.0,contextual_centered
0.4451221227645874,0.4802247881889343,0.9995642304420471,hrr,0.0014449945883825421,11,5376,antonym,0.31707316637039185,11,node_disjoint,11,0.612052321434021,0.9090909361839294,contextual_centered
0.5105437636375427,0.4802247881889343,0.9995642304420471,hrr,0.001274625537917018,4,5376,attribute,0.31707316637039185,11,node_disjoint,4,0.5833333730697632,1.0,contextual_centered
0.3157457411289215,0.5187403559684753,0.7373517751693726,diagonal,0.001781912287697196,41,5376,all,0.24390242993831635,11,node_disjoint,41,0.37778300046920776,0.6097561120986938,contextual_centered
0.17101925611495972,0.5187403559684753,0.7373517751693726,diagonal,0.0021588040981441736,4,5376,hypernym,0.24390242993831635,11,node_disjoint,4,0.5625,1.0,contextual_centered
-0.0008067283779382706,0.5187403559684753,0.7373517751693726,diagonal,0.0026062673423439264,4,5376,instance_hypernym,0.24390242993831635,11,node_disjoint,4,0.625,1.0,contextual_centered
0.39229616522789,0.5187403559684753,0.7373517751693726,diagonal,0.0015825622249394655,6,5376,member_meronym,0.24390242993831635,11,node_disjoint,6,0.8888888955116272,1.0,contextual_centered
0.2825649678707123,0.5187403559684753,0.7373517751693726,diagonal,0.00186832039617002,6,5376,substance_meronym,0.24390242993831635,11,node_disjoint,6,0.4583333432674408,1.0,contextual_centered
0.2538871467113495,0.5187403559684753,0.7373517751693726,diagonal,0.0019430023385211825,6,5376,part_meronym,0.24390242993831635,11,node_disjoint,6,0.569444477558136,1.0,contextual_centered
0.4131944477558136,0.5187403559684753,0.7373517751693726,diagonal,0.0015281395753845572,11,5376,antonym,0.24390242993831635,11,node_disjoint,11,0.6878098845481873,0.9090909361839294,contextual_centered
0.5367741584777832,0.5187403559684753,0.7373517751693726,diagonal,0.0012063173344358802,4,5376,attribute,0.24390242993831635,11,node_disjoint,4,0.5833333730697632,1.0,contextual_centered
0.35092878341674805,0.010853945277631283,0.7394165992736816,low_rank,0.0016902897041290998,41,86016,all,0.3658536374568939,11,node_disjoint,41,0.38439828157424927,0.6341463327407837,contextual_centered
0.31869643926620483,0.010853945277631283,0.7394165992736816,low_rank,0.0017742285272106528,4,86016,hypernym,0.3658536374568939,11,node_disjoint,4,0.7083333730697632,1.0,contextual_centered
0.41591402888298035,0.010853945277631283,0.7394165992736816,low_rank,0.0015210569836199284,4,86016,instance_hypernym,0.3658536374568939,11,node_disjoint,4,0.5208333134651184,1.0,contextual_centered
0.41808417439460754,0.010853945277631283,0.7394165992736816,low_rank,0.0015154058346524835,6,86016,member_meronym,0.3658536374568939,11,node_disjoint,6,0.7083333134651184,1.0,contextual_centered
0.38342276215553284,0.010853945277631283,0.7394165992736816,low_rank,0.001605670084245503,6,86016,substance_meronym,0.3658536374568939,11,node_disjoint,6,0.5333333611488342,1.0,contextual_centered
0.07449303567409515,0.010853945277631283,0.7394165992736816,low_rank,0.0024101745802909136,6,86016,part_meronym,0.3658536374568939,11,node_disjoint,6,0.45000001788139343,1.0,contextual_centered
0.3872888386249542,0.010853945277631283,0.7394165992736816,low_rank,0.0015956017887219787,11,86016,antonym,0.3658536374568939,11,node_disjoint,11,0.588131308555603,1.0,contextual_centered
0.483364999294281,0.010853945277631283,0.7394165992736816,low_rank,0.0013454038416966796,4,86016,attribute,0.3658536374568939,11,node_disjoint,4,0.6875,1.0,contextual_centered
0.11976411938667297,0.5379530191421509,1.0032305717468262,shuffled_hrr,0.0022922810167074203,41,5376,all,0.17073169350624084,11,node_disjoint,41,0.2853947877883911,0.46341463923454285,contextual_centered
0.009728524833917618,0.5379530191421509,1.0032305717468262,shuffled_hrr,0.00257883220911026,4,5376,hypernym,0.17073169350624084,11,node_disjoint,4,0.5625,1.0,contextual_centered
-0.014776600524783134,0.5379530191421509,1.0032305717468262,shuffled_hrr,0.002642647363245487,4,5376,instance_hypernym,0.17073169350624084,11,node_disjoint,4,0.4583333432674408,1.0,contextual_centered
0.03885437175631523,0.5379530191421509,1.0032305717468262,shuffled_hrr,0.002502983435988426,6,5376,member_meronym,0.17073169350624084,11,node_disjoint,6,0.5138888955116272,1.0,contextual_centered
0.19760803878307343,0.5379530191421509,1.0032305717468262,shuffled_hrr,0.0020895623601973057,6,5376,substance_meronym,0.17073169350624084,11,node_disjoint,6,0.75,1.0,contextual_centered
0.2309715747833252,0.5379530191421509,1.0032305717468262,shuffled_hrr,0.002002678345888853,6,5376,part_meronym,0.17073169350624084,11,node_disjoint,6,0.4777778089046478,1.0,contextual_centered
0.10490317642688751,0.5379530191421509,1.0032305717468262,shuffled_hrr,0.002330981194972992,11,5376,antonym,0.17073169350624084,11,node_disjoint,11,0.5592745542526245,0.9090909361839294,contextual_centered
0.24299564957618713,0.5379530191421509,1.0032305717468262,shuffled_hrr,0.001971365651115775,4,5376,attribute,0.17073169350624084,11,node_disjoint,4,0.5833333730697632,1.0,contextual_centered
