gloss,lemma,pos,synset,token_id
reduce in scope while retaining essential elements,cut,v,abridge.v.01,2005
the state of being absent,absence,n,absence.n.01,8889
capable of being reached,accessible,a,accessible.a.01,9857
the quality of being near to the true value,truth,n,accuracy.n.01,3872
conforming exactly or almost exactly to fact or to a standard or performing with total accuracy,accurate,a,accurate.a.01,7187
a theatrical performer,actor,n,actor.n.01,8674
a female actor,actress,n,actress.n.01,14549
how long something has existed,age,n,age.n.01,2479
people who are old collectively,aged,n,aged.n.01,9722
a vehicle that can fly,aircraft,n,aircraft.n.01,6215
a large structure at an airport where aircraft can be stored and maintained,hangar,n,airdock.n.01,44338
an airfield equipped with control tower and hangars as well as accommodations for passengers and cargo,airport,n,airport.n.01,9003
a state in the southeastern United States on the Gulf of Mexico; one of the Confederate states during the American Civil War,al,n,alabama.n.01,435
a connection based on kinship or marriage or common interest,bond,n,alliance.n.02,6314
(architecture) a masonry construction (usually curved) for spanning an opening and supporting the weight above it,arch,n,arch.n.04,3934
someone who creates plans to be used in making something (such as buildings),designer,n,architect.n.01,11915
a colorless and odorless inert gas; one of the six inert gases; comprises approximately 1% of the earth's atmosphere,ar,n,argon.n.01,610
any of various deciduous pinnate-leaved ornamental or timber trees of the genus Fraxinus,ash,n,ash.n.02,12530
strong elastic wood of any of various ash trees; used for furniture and tool handles and sporting goods such as baseball bats,ash,n,ash.n.03,12530
a more or less rounded anatomical body or mass,ball,n,ball.n.10,2613
a flat bottom on which something is intended to sit,base,n,base.n.19,2779
an indentation of a shoreline larger than a cove but smaller than a gulf,bay,n,bay.n.01,15489
make large,enlarge,v,blow_up.v.02,27475
a small float usually made of cork; attached to a fishing line,bob,n,bob.n.05,29202
"the entire structure of an organism (an animal, plant, or human being)",body,n,body.n.01,1767
the part of the earth's surface covered with water (such as a river or lake or ocean),water,n,body_of_water.n.01,1660
someone who escorts and protects a prominent person,escort,n,bodyguard.n.01,27675
United States actor and assassin of President Lincoln (1838-1865),booth,n,booth.n.03,18600
"held with another element, substance or material in chemical or physical union",bound,a,bound.a.02,5421
a woman participant in her own marriage ceremony,bride,n,bride.n.03,26619
the hard ridge that forms the upper part of the nose,bridge,n,bridge.n.04,7696
an alloy of copper and tin and sometimes other elements; also any copper-base alloy containing other elements in place of tin,bronze,n,bronze.n.01,22101
the part of the face above the eyes,brow,n,brow.n.01,4772
celebrated Scottish poet (1759-1796),burns,n,burns.n.02,20246
a commercial or industrial enterprise and the people who constitute it,concern,n,business.n.01,2328
tuft of strong filaments by which e.g. a mussel makes itself fast to a fixed surface,beard,n,byssus.n.01,21213
a bitter alkaloid found in coffee and tea that is responsible for their stimulating effects,caffeine,n,caffeine.n.01,22511
a white metallic element that burns with a brilliant light; the fifth most abundant element in the earth's crust; an important component of most plants and animals,ca,n,calcium.n.01,1275
"a heavy, closely woven fabric (used for clothing or chairs or sails or tents)",canvas,n,canvas.n.01,21978
hard outer covering or case of certain organisms such as arthropods and turtles,shell,n,carapace.n.01,7582
a building material that is a powder made of a mixture of calcined limestone and clay; used with water and sand or gravel to make concrete and mortar,cement,n,cement.n.02,20534
the longest river of Asia; flows eastward from Tibet into the East China Sea near Shanghai,chang,n,chang_jiang.n.01,1488
any of the more than 100 known substances (of which 92 occur naturally) that cannot be separated into simpler substances and that singly or in combination constitute all matter,element,n,chemical_element.n.01,5002
a scientist who specializes in chemistry,chemist,n,chemist.n.01,47898
a native or naturalized member of a state or other political community,citizen,n,citizen.n.01,9511
the body of citizens of a state or country,people,n,citizenry.n.01,661
a large and densely populated urban area; may include several independent administrative districts,city,n,city.n.01,1748
a very fine-grained soil that is plastic when moist but hard when fired,clay,n,clay.n.01,21558
form a coat over,cake,v,coat.v.03,12187
a beverage consisting of an infusion of ground coffee beans,java,n,coffee.n.01,20129
a fibrous scleroprotein in bone and cartilage and tendon and other connective tissue; yields gelatin on boiling,collagen,n,collagen.n.01,45452
a port city at the Caribbean entrance to the Panama Canal,colon,n,colon.n.04,7633
a resident of a colony,colonial,n,colonial.n.01,17091
a body of people who settle far from home but maintain ties with their homeland; inhabitants remain nationals of their home state but are not literally under the home state's system of government,colony,n,colony.n.01,18815
belonging to or participated in by a community as a whole; public,common,a,common.a.01,2219
transmit thoughts or feelings,communicate,v,communicate.v.02,10996
the southern states that seceded from the United States in 1861,south,n,confederacy.n.01,5366
a feeling of trust (in someone or something),confidence,n,confidence.n.02,6628
having or marked by confidence or assurance,confident,a,confident.a.01,6563
be confusing or perplexing to; cause to be unable to think clearly,fox,v,confuse.v.02,21831
a relation between things or events (as in the case of one causing the other or sharing features with it),connection,n,connection.n.01,4637
a person who is reluctant to accept changes and new ideas,conservative,n,conservative.n.01,5940
a configuration of stars as seen from the earth,constellation,n,constellation.n.02,38712
the body of voters who elect a representative for their area,constituency,n,constituency.n.01,28280
a member of a constituency; a citizen who is represented in a government by officials for whom he or she votes,constituent,n,constituent.n.02,39384
"the sum or range of what has been perceived, discovered, or learned",content,n,content.n.05,2695
occurring without interruption; chiefly restricted to what recurs regularly or frequently in a prolonged and closely spaced series,continual,a,continual.a.01,37639
deny the truth of,negate,v,contradict.v.02,44328
following accepted customs and proprieties,conventional,a,conventional.a.01,10224
orthodoxy as a consequence of being conventional,convention,n,conventionality.n.03,9831
psychologically cool and unenthusiastic; unfriendly or unresponsive or showing dislike,cool,a,cool.a.04,3608
a ductile malleable reddish-brown corrosion-resistant diamagnetic metallic element; occurs in various minerals but is the only metal that occurs abundantly in large masses; used as an electrical and thermal conductor,cu,n,copper.n.01,18912
soft silky fibers from cotton plants in their raw state,cotton,n,cotton.n.01,15985
fabric woven from cotton fibers,cotton,n,cotton.n.02,15985
(construction) a layer of masonry,row,n,course.n.08,5752
form a cover over,cover,v,cover.v.02,3002
(Old Testament) the 2nd king of the Israelites; as a young shepherd he fought Goliath (a giant Philistine warrior) and killed him by hitting him in the head with a stone flung from a sling; he united Israel with Jerusalem as its capital; many of the Psalms are attributed to David (circa 1000-962 BC),david,n,david.n.03,21970
United States writer best known for his autobiographical works (1874-1935),day,n,day.n.10,1110
an unsuccessful ending to a struggle or contest,defeat,n,defeat.n.01,7433
declare untrue; contradict,deny,v,deny.v.01,10129
fix conclusively or authoritatively,set,v,determine.v.03,900
German engineer (born in France) who invented the diesel engine (1858-1913),diesel,n,diesel.n.01,21866
the speech act of disagreeing or arguing or disputing,disagreement,n,disagreement.n.03,25800
disagreement among those expected to cooperate,discord,n,discord.n.02,36446
regarded with aversion,disliked,a,disliked.a.01,43252
noticeable heterogeneity,variety,n,diverseness.n.01,4996
an administrative unit in government or business,division,n,division.n.04,7297
a reformer who opposes the use of intoxicating beverages,dry,n,dry.n.01,5894
an expert in the science of economics,economist,n,economist.n.01,17646
"add details, as to an account or idea; clarify the meaning of and discourse in a learned way, usually in writing",expand,v,elaborate.v.01,4292
event whose occurrence ends something,ending,n,ending.n.04,7464
a person who uses scientific knowledge to solve practical problems,engineer,n,engineer.n.01,11949
someone who travels into little known regions (especially for some scientific purpose),explorer,n,explorer.n.01,39349
the front of the human head from the forehead to the chin and ear to ear,face,n,face.n.01,1986
primary social group; parents and children,family,n,family.n.02,1641
(biology) a taxonomic group containing one or more genera,family,n,family.n.06,1641
not plain; decorative or ornamented,fancy,a,fancy.a.01,14996
undergo an emotional sensation or be in a particular state of mind,feel,v,feel.v.01,1254
cause to fall by or as if by delivering a blow,drop,v,fell.v.01,4268
a slender and greatly elongated substance capable of being spun into yarn,fiber,n,fiber.n.01,13608
gear used in fishing,rig,n,fishing_gear.n.01,7805
scenery consisting of a wooden frame covered with painted canvas; part of a stage setting,flat,n,flat.n.06,6228
(of birds) having developed feathers or plumage; often used in combination,mature,a,fledged.a.01,15345
group of aircraft operating together under the same ownership,fleet,n,fleet.n.01,11026
fine powdery foodstuff obtained by grinding and sifting the meal of a cereal grain,flour,n,flour.n.01,10601
a nonmetallic univalent element belonging to the halogens; usually a yellow irritating toxic flammable gas; a powerful oxidizing agent; recovered from fluorite or cryolite or fluorapatite,f,n,fluorine.n.01,277
a soft mineral (calcium fluoride) that is fluorescent in ultraviolet light; chief source of fluorine,fluor,n,fluorite.n.01,26967
"to travel behind, go after, come after",follow,v,follow.v.01,1061
anything that provides mental stimulus for thinking,food,n,food.n.03,2057
a team that plays football,eleven,n,football_team.n.01,22216
the trees and other plants in a large densely wooded area,wood,n,forest.n.01,4898
unconstrained or not chemically bound in a molecule or not fixed and capable of relatively unrestricted motion,free,a,free.a.02,1479
United States architect who invented the geodesic dome (1895-1983),fuller,n,fuller.n.02,44757
(nautical) smokestack consisting of a shaft for ventilation or the passage of smoke (especially the smokestack of a ship),funnel,n,funnel.n.03,28214
(astronomy) a collection of star systems; any of the billions of systems each having many stars and nebulae and dust,galaxy,n,galaxy.n.03,16161
a fact about the whole (as opposed to particular),general,n,general.n.03,2276
port city in northwestern Belgium and industrial center; famous for cloth industry,gent,n,gent.n.03,25049
dried ground gingerroot,ginger,n,ginger.n.02,25072
pungent rhizome of the common ginger plant; used fresh as a seasoning especially in Asian cookery,ginger,n,ginger.n.03,25072
the gradient of a slope or road or other surface,grade,n,grade.n.03,9559
the property possessed by a line or surface that departs from the horizontal,slope,n,gradient.n.02,22638
18th President of the United States; commander of the Union armies in the American Civil War (1822-1885),grant,n,grant.n.06,7264
any of various juicy fruit of the genus Vitis with green or purple skins; grow in clusters,grape,n,grape.n.01,30777
a military unit serving to protect some place or person,guard,n,guard.n.06,4860
United States explorer who led three expeditions to the Arctic (1821-1871),hall,n,hall.n.09,6899
the quality of being at hand when needed,availability,n,handiness.n.02,11500
the upper part of the human body or the front part of the body in animals; contains the face and brains,head,n,head.n.01,1182
a plant fiber,hemp,n,hemp.n.01,28246
a plant lacking a permanent woody stem; many are flowering garden plants or potherbs; some having medicinal properties; some are pests,herb,n,herb.n.01,21047
ancient Greek epic poet who is believed to have written the Iliad and the Odyssey (circa 850 BC),homer,n,homer.n.02,44155
a dwelling that serves as living quarters for one or more families,house,n,house.n.01,2156
water frozen in the solid state,ice,n,ice.n.01,4771
not yet mature,immature,a,immature.a.04,40620
capable of being reached only with great difficulty or not at all,inaccessible,a,inaccessible.a.01,40604
freedom from control or influence of another or others,independence,n,independence.n.01,10404
free from external control and constraint,independent,a,independent.a.01,4795
being or characteristic of a single thing or person,single,a,individual.a.01,2060
situated within or suitable for inside a building,interior,a,interior.a.01,11087
someone who is the first to think of or make something,inventor,n,inventor.n.01,33475
relating to or existing in the mind or thoughts,inward,a,inward.a.01,29879
a heavy ductile magnetic metallic element; is silver-white in pure form but readily rusts; used in construction and tools and armament; plays a role in the transport of oxygen by the blood,fe,n,iron.n.01,730
a land mass (smaller than a continent) that is surrounded by water,island,n,island.n.01,7022
younger; lower in rank; shorter in length of tenure or service,junior,a,junior.a.01,13430
a lever (as in a keyboard) that actuates a mechanism when depressed,key,n,key.n.15,1994
device consisting of a set of keys on a piano or organ or typewriter or typesetting machine or computer or the like,keyboard,n,keyboard.n.01,10586
the central building block at the top of an arch or vault,key,n,keystone.n.02,1994
group of people related by blood or marriage,kin,n,kin.n.02,18967
a male sovereign; ruler of a kingdom,king,n,king.n.01,5822
a piece of furniture holding one or more electric light bulbs,lamp,n,lamp.n.02,20450
United States inventor who incorporated Polaroid film into lenses and invented the one step photographic process (1909-1991),land,n,land.n.10,1956
the seacoast first sighted on a voyage (or flight over water),landfall,n,landfall.n.01,43682
tear down so as to make flat with the ground,level,v,level.v.02,1241
a room where books are kept,library,n,library.n.01,5888
(used of color) having a relatively small amount of coloring agent,light,a,light.a.02,1657
characterized by or emitting light,light,a,light.a.06,1657
the visual effect of illumination on objects or scenes as created in pictures,light,n,light.n.07,1657
found pleasant or attractive; often used as a combining form,liked,a,liked.a.01,8288
the probability of a specified outcome,likelihood,n,likelihood.n.01,14955
"cut lumber, as in woods and forests",log,v,log.v.02,2604
make by shaping or bringing together constituents,make,v,make.v.15,787
a person who makes things,maker,n,maker.n.01,16009
being the sex (of plant or animal) that produces gametes (spermatozoa) that perform the fertilizing function in generation,male,a,male.a.01,4257
a male person who plays a significant role (husband or lover or boyfriend) in the life of a particular woman,man,n,man.n.08,582
"put together out of artificial or natural components or parts; ; ; He manufactured a popular cereal""",construct,v,manufacture.v.01,5678
handwritten book or document,manuscript,n,manuscript.n.02,17116
state of being mature; full development,maturity,n,maturity.n.02,24841
how much there is or how many there are of something that you can quantify,amount,n,measure.n.02,2033
a medical practitioner in the armed forces,medic,n,medical_officer.n.01,6924
the military forces of a nation,military,n,military.n.01,2422
English philosopher and economist remembered for his interpretations of empiricism and utilitarianism (1806-1873),mill,n,mill.n.03,3939
inferior in number or size or amount,minor,a,minor.a.03,4159
being or relating to the smaller in number of two parts,minority,n,minority.n.02,9137
the leaves of a mint plant used fresh or candied,mint,n,mint.n.04,21043
a candy that is flavored with a mint oil,mint,n,mint.n.05,21043
arrangement of scenery and properties to represent the place where a play or movie is enacted,setting,n,mise_en_scene.n.01,4634
"a midwestern state in central United States; a border state during the American Civil War, Missouri was admitted to the Confederacy without actually seceding from the Union",mo,n,missouri.n.01,6941
used as a bond in masonry or for covering a wall,mortar,n,mortar.n.02,29871
"cause to move or shift into a new position or place, both in a concrete and in an abstract sense",move,v,move.v.02,1445
very limited in degree,narrow,a,narrow.a.04,7135
an elongated rectangular bone that forms the bridge of the nose,nasal,n,nasal.n.02,40829
United States prohibitionist who raided saloons and destroyed bottles of liquor with a hatchet (1846-1911),nation,n,nation.n.03,3277
characterized by or displaying negation or denial or opposition or resistance; having no positive features,negative,a,negative.a.01,4633
a notation representing the pitch and duration of a musical sound,note,n,note.n.03,3465
the hard durable wood of any oak; used especially for furniture and flooring,oak,n,oak.n.01,26210
a deciduous tree of the genus Quercus; has acorns and lobed leaves,oak,n,oak.n.02,26210
the trait of being willing to obey,obedience,n,obedience.n.02,28777
dutifully complying with the commands or instructions of those in authority; ; ; ; - Edmund Burke,obedient,a,obedient.a.01,41652
a state in south central United States,ok,n,oklahoma.n.01,12876
of long duration; not new,old,a,old.a.02,1468
(computer science) software that controls the execution of computer programs and may provide various services,os,n,operating_system.n.01,28686
(biology) taxonomic group containing one or more families,order,n,order.n.12,1502
a constellation on the equator to the east of Taurus; contains Betelgeuse and Rigel,hunter,n,orion.n.02,19177
relating to physical reality rather than with thoughts or the mind,outward,a,outward.a.01,23537
a pack of 52 playing cards,deck,n,pack_of_cards.n.01,6203
artifact consisting of soft or resilient material used to fill or give shape or protect or add comfort,padding,n,padding.n.01,24511
a father or mother; one who begets or one who gives birth to or nurtures and raises a child; a relative who plays the role of guardian,parent,n,parent.n.01,2560
a fact about some part (as opposed to general),specific,n,particular.n.01,2176
a document indicating permission to do something without restrictions,pass,n,pass.n.06,1208
any of various baked foods made of dough or batter,pastry,n,pastry.n.02,41738
the paved surface of a thoroughfare,paving,n,pavement.n.01,47711
(plural) any group of human beings (men or women or children) collectively,people,n,people.n.01,661
a dramatic or musical entertainment,performance,n,performance.n.01,2854
approval to do something,permission,n,permission.n.01,7170
be a mystery or bewildering to,get,v,perplex.v.01,651
a human being,soul,n,person.n.01,5848
salty fluid secreted by sweat glands,sweat,n,perspiration.n.01,15488
a keyboard instrument that is played by depressing keys that cause hammers to strike tuned strings and produce sounds,piano,n,piano.n.01,19132
not elaborate or elaborated; simple,plain,a,plain.a.02,8631
the combination of a particular computer and a particular operating system,platform,n,platform.n.03,3859
the quality of giving pleasure,sweetness,n,pleasantness.n.02,32073
a writer of poems (the term is usually reserved for writers of good poetry),poet,n,poet.n.01,21810
a place (seaport or airport) where people and merchandise can enter or leave a country,port,n,port.n.01,2493
the spatial property of a place where or way in which something is situated,position,n,position.n.07,2292
characterized by or displaying affirmation or acceptance or certainty etc.,positive,a,positive.a.01,3967
capable of being foretold,predictable,a,predictable.a.01,20039
the state of being present; current existence,presence,n,presence.n.01,4931
being or existing in a specified place,present,a,present.a.02,1944
the person who holds the office of head of state of the United States government,president,n,president_of_the_united_states.n.01,1893
someone who is a member of the faculty at a college or university,prof,n,professor.n.01,1534
a degree or grade of excellence or worth,caliber,n,quality.n.02,28139
a hard glossy mineral consisting of silicon dioxide in crystal form; present in most rocks (especially sandstone and granite); yellow sand is quartz with iron oxide impurities,quartz,n,quartz.n.02,47969
one of four face cards in a deck bearing a picture of a queen,queen,n,queen.n.07,16599
an arc of colored light in the sky caused by refraction of the sun's rays by rain,rainbow,n,rainbow.n.01,27223
raise from a lower to a higher position,lift,v,raise.v.02,10303
"construct, build, or erect",rear,v,raise.v.09,8286
make smaller,reduce,v,reduce.v.09,4646
"connected by kinship, common origin, or marriage",related,a,related.a.02,3519
a person related by blood or marriage,relation,n,relative.n.01,8695
feel remorse for; feel sorry for; be contrite about,regret,v,repent.v.02,13721
a form of trustworthiness; the trait of being answerable to someone for something or being responsible for one's conduct,responsibility,n,responsibility.n.03,5798
worthy of or requiring responsibility or trust; or held accountable,responsible,a,responsible.a.01,4497
a large natural stream of water (larger than a creek),river,n,river.n.01,7850
royal persons collectively,royalty,n,royalty.n.02,29359
the great-grandmother of king David whose story is told in the Book of Ruth in the Old Testament,ruth,n,ruth.n.02,23562
a Japanese warrior who was a member of the feudal military aristocracy,samurai,n,samurai.n.01,49797
feudal Japanese military aristocracy,samurai,n,samurai.n.02,49797
a Belgian maker of musical instruments who invented the saxophone (1814-1894),sax,n,sax.n.01,46909
(music) a series of notes differing in pitch according to a specific scheme (usually within an octave),scale,n,scale.n.06,5046
a protective covering consisting of netting; can be mounted in a frame,screen,n,screen.n.05,3159
fabric of metal or plastic mesh,screening,n,screening.n.02,14135
a document that can be rolled up (as for storage),roll,n,scroll.n.02,4836
a division of an ocean or a large body of salt water partially enclosed by land,sea,n,sea.n.01,5417
the shore of a sea or ocean,coast,n,seashore.n.01,7051
the defensive football players who line up behind the linemen,secondary,n,secondary.n.01,9233
older; higher in rank; longer in length of tenure or service,senior,a,senior.a.01,4664
someone who serves in the armed forces; a member of a military force,man,n,serviceman.n.01,582
the properties that distinguish organisms on the basis of their reproductive roles,sex,n,sex.n.04,1714
the material that forms the hard outer covering of many animals,shell,n,shell.n.02,7582
a vessel that carries passengers or freight,ship,n,ship.n.01,4074
a person's brother or sister,sibling,n,sibling.n.01,33423
either the left or right half of a body,side,n,side.n.03,1735
a tetravalent nonmetallic element; next to oxygen it is the most abundant element in the earth's crust; occurs in clay and feldspar and granite and quartz and sand; used as a semiconductor in transistors,si,n,silicon.n.01,33721
open and genuine; not deceitful,sincere,a,sincere.a.01,17082
the quality of being open and truthful; not deceitful or hypocritical,sincerity,n,sincerity.n.02,44053
the atmosphere and outer space as viewed from the earth,sky,n,sky.n.01,6766
the underside of the foot,sole,n,sole.n.03,6195
find the solution to (a problem or question) or understand the meaning of,lick,v,solve.v.01,36728
protective covering consisting of a panel to protect people from the splashing water or mud etc.,dashboard,n,splashboard.n.02,30415
recurring in scattered and irregular or unpredictable instances,sporadic,a,sporadic.a.01,48172
a formal and conservative person with old-fashioned views,square,n,square.n.06,6616
the body of teachers and administrators at a school,staff,n,staff.n.03,3085
conforming to or constituting a standard of measurement or value; or of the usual or regularized or accepted kind,standard,a,standard.a.01,3210
(astronomy) a celestial body of hot gases that radiates energy derived from thermonuclear reactions in the interior,star,n,star.n.01,3491
an alloy of iron with small amounts of carbon; widely used in construction; mechanical properties can be varied over a wide range,steel,n,steel.n.01,7771
support consisting of a place to rest the foot while ascending or descending a stairway,step,n,step.n.04,2239
plant fiber used e.g. for making baskets and hats or as fodder,straw,n,straw.n.01,14787
a thoroughfare (usually including sidewalks) that is lined with buildings,street,n,street.n.01,4675
gain strength,strengthen,v,strengthen.v.02,12160
having strength or power greater than average or expected,strong,a,strong.a.01,1913
coming after or following,succeeding,a,succeeding.a.01,34195
of high or superior quality or performance,superior,a,superior.a.01,9098
a program that controls the execution of other programs,supervisor,n,supervisory_program.n.01,21277
the outermost level of the land or sea,surface,n,surface.n.03,4417
set or determine the amount of (a payment such as a fine),tax,v,tax.v.02,1687
a cord or band of inelastic tissue connecting a muscle with its bony attachment,tendon,n,tendon.n.01,42205
a performance of a play,theatrical,n,theatrical_performance.n.01,32010
a thin flat slab of fired clay used for roofing,tile,n,tile.n.02,17763
the time when something happens,timing,n,timing.n.01,10576
Scottish chemist noted for his research into the structure of nucleic acids (born in 1907),todd,n,todd.n.01,23646
the body excluding the head and neck and limbs,body,n,torso.n.01,1767
"change location; move, travel, or proceed, also metaphorically",go,v,travel.v.01,467
structural member consisting of the horizontal part of a stair or step,tread,n,tread.n.04,23153
given medical care or treatment,treated,a,treated.a.02,5716
a tall perennial woody plant having a main trunk and branches forming a distinct elevated crown; includes both gymnosperms and angiosperms,tree,n,tree.n.01,5509
a waterfall in the Snake River in southern Idaho,twin,n,twin.n.03,15203
not conforming to accepted rules or standards,unconventional,a,unconventional.a.01,34014
know and comprehend the nature or meaning of,understand,v,understand.v.01,1833
(of birds) not yet having developed feathers,immature,a,unfledged.a.01,40620
North American republic containing 50 states - 48 conterminous states in North America plus Alaska in northwest North America and the Hawaiian Islands in the Pacific Ocean; achieved independence in 1776,us,n,united_states.n.01,514
has little chance of being the case or coming about,unlikely,a,unlikely.a.02,7485
"disagreeable to the senses, to the mind, or feelings",unpleasant,a,unpleasant.a.01,22029
not capable of being foretold,unpredictable,a,unpredictable.a.01,22900
not connected by kinship,unrelated,a,unrelated.a.02,19938
not given medical care or treatment,untreated,a,untreated.a.01,41539
an ancient city of Sumer located on a former channel of the Euphrates River,ur,n,ur.n.01,2956
relative darkness or lightness of a color; -Joe Hing Lowe,value,n,value.n.04,1988
characterized by variety,varied,a,varied.a.01,15641
edible seeds or roots or stems or leaves or bulbs or tubers or nonsweet fruits of any of numerous herbaceous plant,vegetable,n,vegetable.n.01,20236
a conveyance that transports people or objects,vehicle,n,vehicle.n.01,4038
a serviceman who has seen considerable active service,veteran,n,veteran.n.01,9298
an island in the western Pacific between Guam and Hawaii,wake,n,wake_island.n.01,7765
an architectural partition with a height and length greater than its thickness; used to divide or enclose an area or to support another structure,wall,n,wall.n.01,3355
psychologically warm; friendly and responsive,warm,a,warm.a.02,5814
binary compound that occurs at room temperature as a clear colorless odorless tasteless liquid; freezes into ice below 0 degrees centigrade and boils above 100 degrees centigrade; widely used as a solvent,water,n,water.n.01,1660
a steep descent of the water of a river,falls,n,waterfall.n.01,8953
wanting in physical strength,weak,a,weak.a.01,4939
become weaker,weaken,v,weaken.v.02,13813
any instrument or instrumentality used in fighting or hunting,arm,n,weapon.n.01,3211
weapons considered collectively,arms,n,weaponry.n.01,5101
a party of people at a wedding,wedding,n,wedding.n.03,10614
great in degree,wide,a,wide.a.05,3094
a married woman; a man's partner in marriage,wife,n,wife.n.01,3656
fermented juice (of grapes especially),wine,n,wine.n.01,8237
a female person who plays a significant role (wife or mistress or girlfriend) in the life of a particular man,woman,n,woman.n.02,2415
English writer of novels about murders and thefts and forgeries (1814-1887),wood,n,wood.n.05,4898
writes (books or stories or articles or the like) professionally (for pay),author,n,writer.n.01,1772
talk profusely,yak,v,yak.v.01,46251
United States film and television actress (1913-2000),young,n,young.n.02,1862
young people collectively,young,n,young.n.09,1862
