ari,ari_heldout,cosine,experiment,factor,false_split_rate,knn_overlap,learner,parameters,policy,precision,rank,raw_false_split_rate,raw_precision,raw_splits,recall,seed,split,splits,strength,target,teacher,test_cosine,train_cosine,weight_correlation
,,1.0,D0.1,,,1.0,m0,,,,,,,,,101,train,,0.0,,static,,,nan
,,1.0,D0.1,,,1.0,m0,,,,,,,,,101,test,,0.0,,static,,,nan
,,1.0,D0.1,,,1.0,salience,,,,,,,,,101,train,,0.0,,static,,,nan
,,1.0,D0.1,,,1.0,salience,,,,,,,,,101,test,,0.0,,static,,,nan
,,0.9999998807907104,D0.1,,,1.0,m1_p0,,,,,,,,,101,train,,0.0,,static,,,nan
,,0.9999896883964539,D0.1,,,1.0,m1_p0,,,,,,,,,101,test,,0.0,,static,,,nan
,,0.9999998807907104,D0.1,,,1.0,m1_q,,,,,,,,,101,train,,0.0,,static,,,nan
,,0.9999896883964539,D0.1,,,1.0,m1_q,,,,,,,,,101,test,,0.0,,static,,,nan
,,0.9999996423721313,D0.1,,,1.0,free_query_q,,,,,,,,,101,train,,0.0,,static,,,nan
,,0.9999698400497437,D0.1,,,0.9900000095367432,free_query_q,,,,,,,,,101,test,,0.0,,static,,,nan
,,0.7735400199890137,D0.1,,,0.6424999833106995,m0,,,,,,,,,101,train,,0.5,,contextual,,,nan
,,0.6089204549789429,D0.1,,,0.628125011920929,m0,,,,,,,,,101,test,,0.5,,contextual,,,nan
,,0.6093339323997498,D0.1,,,0.621874988079071,m0,,,,,,,,,101,test_seen_context,,0.5,,contextual,,,nan
,,0.773580014705658,D0.1,,,0.6426562666893005,salience,,,,,,,,,101,train,,0.5,,contextual,,,0.12419755011796951
,,0.6077924370765686,D0.1,,,0.628125011920929,salience,,,,,,,,,101,test,,0.5,,contextual,,,0.12629015743732452
,,0.6083300709724426,D0.1,,,0.621874988079071,salience,,,,,,,,,101,test_seen_context,,0.5,,contextual,,,0.13614097237586975
,,0.9779549837112427,D0.1,,,0.7278125286102295,m1_p0,,,,,,,,,101,train,,0.5,,contextual,,,0.9698113203048706
,,0.9298039674758911,D0.1,,,0.7256249785423279,m1_p0,,,,,,,,,101,test,,0.5,,contextual,,,0.9112449884414673
,,0.921913743019104,D0.1,,,0.7043750286102295,m1_p0,,,,,,,,,101,test_seen_context,,0.5,,contextual,,,0.8923414945602417
,,0.9941285252571106,D0.1,,,0.8979687690734863,m1_q,,,,,,,,,101,train,,0.5,,contextual,,,0.9904460906982422
,,0.9611803293228149,D0.1,,,0.7975000143051147,m1_q,,,,,,,,,101,test,,0.5,,contextual,,,0.9472137689590454
,,0.9608234167098999,D0.1,,,0.8100000023841858,m1_q,,,,,,,,,101,test_seen_context,,0.5,,contextual,,,0.9458099007606506
,,0.9994739294052124,D0.1,,,0.9434375166893005,free_query_q,,,,,,,,,101,train,,0.5,,contextual,,,0.9984451532363892
,,0.6614894270896912,D0.1,,,0.6299999952316284,free_query_q,,,,,,,,,101,test,,0.5,,contextual,,,0.08257602900266647
,,0.6549070477485657,D0.1,,,0.6337500214576721,free_query_q,,,,,,,,,101,test_seen_context,,0.5,,contextual,,,0.11032344400882721
,,0.7599732279777527,D0.1,,,0.5960937738418579,m0,,,,,,,,,101,train,,1.0,,contextual,,,nan
,,0.6148551106452942,D0.1,,,0.6331250071525574,m0,,,,,,,,,101,test,,1.0,,contextual,,,nan
,,0.6094634532928467,D0.1,,,0.5993750095367432,m0,,,,,,,,,101,test_seen_context,,1.0,,contextual,,,nan
,,0.7600376009941101,D0.1,,,0.5951562523841858,salience,,,,,,,,,101,train,,1.0,,contextual,,,0.17304538190364838
,,0.6145484447479248,D0.1,,,0.6331250071525574,salience,,,,,,,,,101,test,,1.0,,contextual,,,0.13979871571063995
,,0.609235942363739,D0.1,,,0.5962499976158142,salience,,,,,,,,,101,test_seen_context,,1.0,,contextual,,,0.15948423743247986
,,0.9423328638076782,D0.1,,,0.6623437404632568,m1_p0,,,,,,,,,101,train,,1.0,,contextual,,,0.9149184226989746
,,0.9022170901298523,D0.1,,,0.6949999928474426,m1_p0,,,,,,,,,101,test,,1.0,,contextual,,,0.8648733496665955
,,0.8746637105941772,D0.1,,,0.659375011920929,m1_p0,,,,,,,,,101,test_seen_context,,1.0,,contextual,,,0.8104647994041443
,,0.9947863817214966,D0.1,,,0.9073437452316284,m1_q,,,,,,,,,101,train,,1.0,,contextual,,,0.9929337501525879
,,0.97051602602005,D0.1,,,0.800000011920929,m1_q,,,,,,,,,101,test,,1.0,,contextual,,,0.9661861062049866
,,0.9750267863273621,D0.1,,,0.8293750286102295,m1_q,,,,,,,,,101,test_seen_context,,1.0,,contextual,,,0.9619718790054321
,,0.9996973872184753,D0.1,,,0.9707812666893005,free_query_q,,,,,,,,,101,train,,1.0,,contextual,,,0.9985750317573547
,,0.6695317029953003,D0.1,,,0.6474999785423279,free_query_q,,,,,,,,,101,test,,1.0,,contextual,,,0.1919889897108078
,,0.6688665747642517,D0.1,,,0.6006249785423279,free_query_q,,,,,,,,,101,test_seen_context,,1.0,,contextual,,,0.2411474585533142
,,0.7298556566238403,D0.1,,,0.4857812523841858,m0,,,,,,,,,101,train,,2.0,,contextual,,,nan
,,0.6327909231185913,D0.1,,,0.6175000071525574,m0,,,,,,,,,101,test,,2.0,,contextual,,,nan
,,0.6062076687812805,D0.1,,,0.5074999928474426,m0,,,,,,,,,101,test_seen_context,,2.0,,contextual,,,nan
,,0.7299648523330688,D0.1,,,0.4859375059604645,salience,,,,,,,,,101,train,,2.0,,contextual,,,0.2532755732536316
,,0.6322998404502869,D0.1,,,0.6175000071525574,salience,,,,,,,,,101,test,,2.0,,contextual,,,0.1739313304424286
,,0.6057350635528564,D0.1,,,0.5049999952316284,salience,,,,,,,,,101,test_seen_context,,2.0,,contextual,,,0.20575353503227234
,,0.8678134083747864,D0.1,,,0.530468761920929,m1_p0,,,,,,,,,101,train,,2.0,,contextual,,,0.7875372767448425
,,0.8334560394287109,D0.1,,,0.6549999713897705,m1_p0,,,,,,,,,101,test,,2.0,,contextual,,,0.743392288684845
,,0.7667826414108276,D0.1,,,0.550000011920929,m1_p0,,,,,,,,,101,test_seen_context,,2.0,,contextual,,,0.6192561388015747
,,0.9948002696037292,D0.1,,,0.8979687690734863,m1_q,,,,,,,,,101,train,,2.0,,contextual,,,0.9936738610267639
,,0.9717075228691101,D0.1,,,0.8387500047683716,m1_q,,,,,,,,,101,test,,2.0,,contextual,,,0.9590674042701721
,,0.9769213795661926,D0.1,,,0.8081250190734863,m1_q,,,,,,,,,101,test_seen_context,,2.0,,contextual,,,0.965815544128418
,,0.9992163777351379,D0.1,,,0.9560937285423279,free_query_q,,,,,,,,,101,train,,2.0,,contextual,,,0.9975338578224182
,,0.6981201171875,D0.1,,,0.6318749785423279,free_query_q,,,,,,,,,101,test,,2.0,,contextual,,,0.3604883849620819
,,0.7205827832221985,D0.1,,,0.5400000214576721,free_query_q,,,,,,,,,101,test_seen_context,,2.0,,contextual,,,0.44996529817581177
,,0.6960423588752747,D0.1,,,0.3826562464237213,m0,,,,,,,,,101,train,,4.0,,contextual,,,nan
,,0.6171438097953796,D0.1,,,0.5412499904632568,m0,,,,,,,,,101,test,,4.0,,contextual,,,nan
,,0.5961159467697144,D0.1,,,0.42875000834465027,m0,,,,,,,,,101,test_seen_context,,4.0,,contextual,,,nan
,,0.6960757374763489,D0.1,,,0.3828125,salience,,,,,,,,,101,train,,4.0,,contextual,,,0.3357827365398407
,,0.6170653104782104,D0.1,,,0.543749988079071,salience,,,,,,,,,101,test,,4.0,,contextual,,,0.21353475749492645
,,0.595898449420929,D0.1,,,0.42875000834465027,salience,,,,,,,,,101,test_seen_context,,4.0,,contextual,,,0.24861106276512146
,,0.7882921099662781,D0.1,,,0.4181250035762787,m1_p0,,,,,,,,,101,train,,4.0,,contextual,,,0.6462113857269287
,,0.713870108127594,D0.1,,,0.5587499737739563,m1_p0,,,,,,,,,101,test,,4.0,,contextual,,,0.4587339460849762
,,0.6778992414474487,D0.1,,,0.43812501430511475,m1_p0,,,,,,,,,101,test_seen_context,,4.0,,contextual,,,0.3719770312309265
,,0.9926872253417969,D0.1,,,0.8895312547683716,m1_q,,,,,,,,,101,train,,4.0,,contextual,,,0.9899507761001587
,,0.9266325831413269,D0.1,,,0.7250000238418579,m1_q,,,,,,,,,101,test,,4.0,,contextual,,,0.9027032256126404
,,0.9758111834526062,D0.1,,,0.8168749809265137,m1_q,,,,,,,,,101,test_seen_context,,4.0,,contextual,,,0.9673556089401245
,,0.9990264177322388,D0.1,,,0.9467187523841858,free_query_q,,,,,,,,,101,train,,4.0,,contextual,,,0.9975448846817017
,,0.7732475996017456,D0.1,,,0.5806249976158142,free_query_q,,,,,,,,,101,test,,4.0,,contextual,,,0.6023565530776978
,,0.8071674108505249,D0.1,,,0.5818750262260437,free_query_q,,,,,,,,,101,test_seen_context,,4.0,,contextual,,,0.6782070994377136
,,0.7780580520629883,D0.3,induced,,0.3737500011920929,m0,,,,0,,,,,101,train,,,,,,,nan
,,0.6124053597450256,D0.3,induced,,0.22750000655651093,m0,,,,0,,,,,101,test,,,,,,,nan
,,0.9995136260986328,D0.3,free,,0.9668750166893005,free_k4,,,,4,,,,,101,train,,,,,,,0.994841456413269
,,0.6043164134025574,D0.3,free,,0.2524999976158142,free_k4,,,,4,,,,,101,test,,,,,,,0.06647634506225586
,,0.9996944665908813,D0.3,free,,0.9712499976158142,free_k8,,,,8,,,,,101,train,,,,,,,0.9969613552093506
,,0.644955039024353,D0.3,free,,0.2824999988079071,free_k8,,,,8,,,,,101,test,,,,,,,0.06228288635611534
,,0.999832272529602,D0.3,free,,0.9793750047683716,free_k16,,,,16,,,,,101,train,,,,,,,0.9976235032081604
,,0.6846349239349365,D0.3,free,,0.29249998927116394,free_k16,,,,16,,,,,101,test,,,,,,,0.0942167192697525
,,0.9998164176940918,D0.3,free,,0.9850000143051147,free_k32,,,,32,,,,,101,train,,,,,,,0.9981099367141724
,,0.681301474571228,D0.3,free,,0.2800000011920929,free_k32,,,,32,,,,,101,test,,,,,,,0.03723979741334915
,,0.9948772192001343,D0.3,induced,,0.9037500023841858,induced_k4,,,,4,,,,,101,train,,,,,,,0.9930819869041443
,,0.9645978808403015,D0.3,induced,,0.7599999904632568,induced_k4,,,,4,,,,,101,test,,,,,,,0.9427021741867065
,,0.9968733787536621,D0.3,induced,,0.918749988079071,induced_k8,,,,8,,,,,101,train,,,,,,,0.9939758777618408
,,0.9190951585769653,D0.3,induced,,0.6175000071525574,induced_k8,,,,8,,,,,101,test,,,,,,,0.8716470003128052
,,0.9972249865531921,D0.3,induced,,0.9143750071525574,induced_k16,,,,16,,,,,101,train,,,,,,,0.9966093301773071
,,0.8714112043380737,D0.3,induced,,0.5375000238418579,induced_k16,,,,16,,,,,101,test,,,,,,,0.7774487137794495
,,0.9970480799674988,D0.3,induced,,0.9143750071525574,induced_k32,,,,32,,,,,101,train,,,,,,,0.9957225918769836
,,0.8541720509529114,D0.3,induced,,0.512499988079071,induced_k32,,,,32,,,,,101,test,,,,,,,0.7510364651679993
,,0.995374321937561,D0.3,hybrid,,0.9049999713897705,hybrid_k4,,,,4,,,,,101,train,,,,,,,0.9923948645591736
,,0.9670535922050476,D0.3,hybrid,,0.762499988079071,hybrid_k4,,,,4,,,,,101,test,,,,,,,0.9522362351417542
,,0.9952966570854187,D0.3,hybrid,,0.8968750238418579,hybrid_k8,,,,8,,,,,101,train,,,,,,,0.992069661617279
,,0.9165401458740234,D0.3,hybrid,,0.6175000071525574,hybrid_k8,,,,8,,,,,101,test,,,,,,,0.8697251081466675
,,0.9974592328071594,D0.3,hybrid,,0.9225000143051147,hybrid_k16,,,,16,,,,,101,train,,,,,,,0.996952474117279
,,0.8729132413864136,D0.3,hybrid,,0.5575000047683716,hybrid_k16,,,,16,,,,,101,test,,,,,,,0.7718322277069092
,,0.9976367950439453,D0.3,hybrid,,0.918749988079071,hybrid_k32,,,,32,,,,,101,train,,,,,,,0.9970119595527649
,,0.8659231066703796,D0.3,hybrid,,0.5350000262260437,hybrid_k32,,,,32,,,,,101,test,,,,,,,0.7663275003433228
nan,nan,,D0.2,,0.0,,,3456,none,nan,,0.0,nan,0,0.0,101,,0,,atomics,,0.9493324756622314,0.9570280313491821,
1.0,0.09125871620460915,,D0.2,,0.0,,,4992,m3,1.0,,0.375,0.34782608695652173,23,1.0,101,,8,,atomics,,0.9506185054779053,0.9999842643737793,
1.0,0.1387466631519544,,D0.2,,0.25,,,4992,m3_anderson,0.4117647058823529,,0.4,0.30434782608695654,23,0.875,101,,17,,atomics,,0.9503961205482483,0.9965724349021912,
1.0,0.19827047267576395,,D0.2,,0.025,,,4992,coherence_only,0.875,,0.425,0.2916666666666667,24,0.875,101,,8,,atomics,,0.9512391686439514,0.9940651059150696,
0.023244086920029848,0.09648351648351648,,D0.2,,0.425,,,4992,random,0.10526315789473684,,0.5,0.09090909090909091,22,0.25,101,,19,,atomics,,0.9483252167701721,0.9599107503890991,
1.0,1.0,,D0.2,,nan,,,3968,oracle,nan,,nan,nan,0,nan,101,,0,,atomics,,0.9998136162757874,0.9998250007629395,
nan,nan,,D0.2,,0.0,,,3456,none,nan,,0.0,nan,0,0.0,101,,0,,relations,,0.9049631357192993,0.9232946634292603,
1.0,0.0,,D0.2,,0.0,,,3648,m3,1.0,,0.25,0.6666666666666666,3,1.0,101,,2,,relations,,0.8481389880180359,0.9999985694885254,
1.0,0.0,,D0.2,,0.0,,,3648,m3_anderson,1.0,,0.25,0.6666666666666666,3,1.0,101,,2,,relations,,0.8481389880180359,0.9999985694885254,
1.0,0.0,,D0.2,,0.0,,,3648,coherence_only,1.0,,0.5,0.3333333333333333,3,0.5,101,,1,,relations,,0.8806384205818176,0.9591083526611328,
nan,nan,,D0.2,,0.5,,,3648,random,0.0,,0.75,0.0,3,0.0,101,,2,,relations,,0.9039097428321838,0.9235696792602539,
1.0,1.0,,D0.2,,nan,,,3584,oracle,nan,,nan,nan,0,nan,101,,0,,relations,,0.9998562335968018,0.9998489618301392,
,,1.0,D0.1,,,1.0,m0,,,,,,,,,202,train,,0.0,,static,,,nan
,,1.0,D0.1,,,1.0,m0,,,,,,,,,202,test,,0.0,,static,,,nan
,,1.0,D0.1,,,1.0,salience,,,,,,,,,202,train,,0.0,,static,,,nan
,,1.0,D0.1,,,1.0,salience,,,,,,,,,202,test,,0.0,,static,,,nan
,,0.9999993443489075,D0.1,,,1.0,m1_p0,,,,,,,,,202,train,,0.0,,static,,,nan
,,0.9999820590019226,D0.1,,,1.0,m1_p0,,,,,,,,,202,test,,0.0,,static,,,nan
,,0.9999993443489075,D0.1,,,1.0,m1_q,,,,,,,,,202,train,,0.0,,static,,,nan
,,0.9999820590019226,D0.1,,,1.0,m1_q,,,,,,,,,202,test,,0.0,,static,,,nan
,,0.9999995231628418,D0.1,,,1.0,free_query_q,,,,,,,,,202,train,,0.0,,static,,,nan
,,0.9999544024467468,D0.1,,,1.0,free_query_q,,,,,,,,,202,test,,0.0,,static,,,nan
,,0.7688171863555908,D0.1,,,0.635937511920929,m0,,,,,,,,,202,train,,0.5,,contextual,,,nan
,,0.5814332365989685,D0.1,,,0.6331250071525574,m0,,,,,,,,,202,test,,0.5,,contextual,,,nan
,,0.5880848169326782,D0.1,,,0.6318749785423279,m0,,,,,,,,,202,test_seen_context,,0.5,,contextual,,,nan
,,0.7685977220535278,D0.1,,,0.635937511920929,salience,,,,,,,,,202,train,,0.5,,contextual,,,0.14766307175159454
,,0.5816267132759094,D0.1,,,0.6262500286102295,salience,,,,,,,,,202,test,,0.5,,contextual,,,0.11798958480358124
,,0.588608980178833,D0.1,,,0.6268749833106995,salience,,,,,,,,,202,test_seen_context,,0.5,,contextual,,,0.14224253594875336
,,0.9864864349365234,D0.1,,,0.7595312595367432,m1_p0,,,,,,,,,202,train,,0.5,,contextual,,,0.9808422327041626
,,0.8742451667785645,D0.1,,,0.6712499856948853,m1_p0,,,,,,,,,202,test,,0.5,,contextual,,,0.8196597695350647
,,0.8843023180961609,D0.1,,,0.675000011920929,m1_p0,,,,,,,,,202,test_seen_context,,0.5,,contextual,,,0.8230516314506531
,,0.9959383010864258,D0.1,,,0.9143750071525574,m1_q,,,,,,,,,202,train,,0.5,,contextual,,,0.9940286874771118
,,0.9355600476264954,D0.1,,,0.7431250214576721,m1_q,,,,,,,,,202,test,,0.5,,contextual,,,0.9149397015571594
,,0.9415069818496704,D0.1,,,0.7893750071525574,m1_q,,,,,,,,,202,test_seen_context,,0.5,,contextual,,,0.9117308855056763
,,0.9996503591537476,D0.1,,,0.9606249928474426,free_query_q,,,,,,,,,202,train,,0.5,,contextual,,,0.9979181885719299
,,0.6368201971054077,D0.1,,,0.6343749761581421,free_query_q,,,,,,,,,202,test,,0.5,,contextual,,,0.1871090680360794
,,0.612005352973938,D0.1,,,0.6412500143051147,free_query_q,,,,,,,,,202,test_seen_context,,0.5,,contextual,,,0.03194107860326767
,,0.7609192728996277,D0.1,,,0.6121875047683716,m0,,,,,,,,,202,train,,1.0,,contextual,,,nan
,,0.5528667569160461,D0.1,,,0.5768749713897705,m0,,,,,,,,,202,test,,1.0,,contextual,,,nan
,,0.5786508321762085,D0.1,,,0.6143749952316284,m0,,,,,,,,,202,test_seen_context,,1.0,,contextual,,,nan
,,0.7606743574142456,D0.1,,,0.6114062666893005,salience,,,,,,,,,202,train,,1.0,,contextual,,,0.1495647132396698
,,0.5525699257850647,D0.1,,,0.578125,salience,,,,,,,,,202,test,,1.0,,contextual,,,0.018190467730164528
,,0.5791052579879761,D0.1,,,0.6156250238418579,salience,,,,,,,,,202,test_seen_context,,1.0,,contextual,,,0.11466825008392334
,,0.9635545611381531,D0.1,,,0.7154687643051147,m1_p0,,,,,,,,,202,train,,1.0,,contextual,,,0.9468950033187866
,,0.8014041781425476,D0.1,,,0.6012499928474426,m1_p0,,,,,,,,,202,test,,1.0,,contextual,,,0.7015911936759949
,,0.8414306640625,D0.1,,,0.6493750214576721,m1_p0,,,,,,,,,202,test_seen_context,,1.0,,contextual,,,0.7450994253158569
,,0.995062530040741,D0.1,,,0.9228125214576721,m1_q,,,,,,,,,202,train,,1.0,,contextual,,,0.9922878742218018
,,0.9577618837356567,D0.1,,,0.784375011920929,m1_q,,,,,,,,,202,test,,1.0,,contextual,,,0.9446672201156616
,,0.9563567042350769,D0.1,,,0.8131250143051147,m1_q,,,,,,,,,202,test_seen_context,,1.0,,contextual,,,0.9326473474502563
,,0.9995328783988953,D0.1,,,0.9649999737739563,free_query_q,,,,,,,,,202,train,,1.0,,contextual,,,0.9976422190666199
,,0.6726462244987488,D0.1,,,0.5581250190734863,free_query_q,,,,,,,,,202,test,,1.0,,contextual,,,0.37020164728164673
,,0.6325171589851379,D0.1,,,0.6274999976158142,free_query_q,,,,,,,,,202,test_seen_context,,1.0,,contextual,,,0.1588938683271408
,,0.7377629280090332,D0.1,,,0.5181249976158142,m0,,,,,,,,,202,train,,2.0,,contextual,,,nan
,,0.506643533706665,D0.1,,,0.48500001430511475,m0,,,,,,,,,202,test,,2.0,,contextual,,,nan
,,0.5707035660743713,D0.1,,,0.5412499904632568,m0,,,,,,,,,202,test_seen_context,,2.0,,contextual,,,nan
,,0.737439751625061,D0.1,,,0.5182812213897705,salience,,,,,,,,,202,train,,2.0,,contextual,,,0.1948881596326828
,,0.5052099227905273,D0.1,,,0.48500001430511475,salience,,,,,,,,,202,test,,2.0,,contextual,,,-0.09253227710723877
,,0.5706704258918762,D0.1,,,0.5412499904632568,salience,,,,,,,,,202,test_seen_context,,2.0,,contextual,,,0.13604533672332764
,,0.9025704264640808,D0.1,,,0.5973437428474426,m1_p0,,,,,,,,,202,train,,2.0,,contextual,,,0.8544211387634277
,,0.6727111339569092,D0.1,,,0.5118749737739563,m1_p0,,,,,,,,,202,test,,2.0,,contextual,,,0.49415624141693115
,,0.7664859890937805,D0.1,,,0.5587499737739563,m1_p0,,,,,,,,,202,test_seen_context,,2.0,,contextual,,,0.6016996502876282
,,0.9946038126945496,D0.1,,,0.909375011920929,m1_q,,,,,,,,,202,train,,2.0,,contextual,,,0.9922007918357849
,,0.9707094430923462,D0.1,,,0.8006250262260437,m1_q,,,,,,,,,202,test,,2.0,,contextual,,,0.966059148311615
,,0.9674776196479797,D0.1,,,0.8450000286102295,m1_q,,,,,,,,,202,test_seen_context,,2.0,,contextual,,,0.9563783407211304
,,0.9995793104171753,D0.1,,,0.9668750166893005,free_query_q,,,,,,,,,202,train,,2.0,,contextual,,,0.9982117414474487
,,0.7104997634887695,D0.1,,,0.5118749737739563,free_query_q,,,,,,,,,202,test,,2.0,,contextual,,,0.521072506904602
,,0.66746985912323,D0.1,,,0.5174999833106995,free_query_q,,,,,,,,,202,test_seen_context,,2.0,,contextual,,,0.36204323172569275
,,0.6937289834022522,D0.1,,,0.3968749940395355,m0,,,,,,,,,202,train,,4.0,,contextual,,,nan
,,0.4558829367160797,D0.1,,,0.41499999165534973,m0,,,,,,,,,202,test,,4.0,,contextual,,,nan
,,0.5663133263587952,D0.1,,,0.4387499988079071,m0,,,,,,,,,202,test_seen_context,,4.0,,contextual,,,nan
,,0.6937435865402222,D0.1,,,0.3968749940395355,salience,,,,,,,,,202,train,,4.0,,contextual,,,0.2766556143760681
,,0.45317739248275757,D0.1,,,0.41499999165534973,salience,,,,,,,,,202,test,,4.0,,contextual,,,-0.10968629270792007
,,0.5665401816368103,D0.1,,,0.43687498569488525,salience,,,,,,,,,202,test_seen_context,,4.0,,contextual,,,0.2315618097782135
,,0.8110209703445435,D0.1,,,0.4424999952316284,m1_p0,,,,,,,,,202,train,,4.0,,contextual,,,0.7004758715629578
,,0.5218718647956848,D0.1,,,0.42250001430511475,m1_p0,,,,,,,,,202,test,,4.0,,contextual,,,0.21221952140331268
,,0.6321806311607361,D0.1,,,0.4449999928474426,m1_p0,,,,,,,,,202,test_seen_context,,4.0,,contextual,,,0.3261014223098755
,,0.994355320930481,D0.1,,,0.8931249976158142,m1_q,,,,,,,,,202,train,,4.0,,contextual,,,0.9917891621589661
,,0.9559152722358704,D0.1,,,0.7231249809265137,m1_q,,,,,,,,,202,test,,4.0,,contextual,,,0.9497770667076111
,,0.9710229635238647,D0.1,,,0.8006250262260437,m1_q,,,,,,,,,202,test_seen_context,,4.0,,contextual,,,0.9657026529312134
,,0.9993898272514343,D0.1,,,0.9521874785423279,free_query_q,,,,,,,,,202,train,,4.0,,contextual,,,0.9982832670211792
,,0.7572232484817505,D0.1,,,0.546875,free_query_q,,,,,,,,,202,test,,4.0,,contextual,,,0.6530435681343079
,,0.744367241859436,D0.1,,,0.46562498807907104,free_query_q,,,,,,,,,202,test_seen_context,,4.0,,contextual,,,0.6077879667282104
,,0.7951533794403076,D0.3,induced,,0.37312498688697815,m0,,,,0,,,,,202,train,,,,,,,nan
,,0.6170350313186646,D0.3,induced,,0.26750001311302185,m0,,,,0,,,,,202,test,,,,,,,nan
,,0.999353289604187,D0.3,free,,0.9543750286102295,free_k4,,,,4,,,,,202,train,,,,,,,0.9951949715614319
,,0.5792331695556641,D0.3,free,,0.19499999284744263,free_k4,,,,4,,,,,202,test,,,,,,,0.002457847585901618
,,0.9999346733093262,D0.3,free,,0.987500011920929,free_k8,,,,8,,,,,202,train,,,,,,,0.9972498416900635
,,0.6400983333587646,D0.3,free,,0.2574999928474426,free_k8,,,,8,,,,,202,test,,,,,,,0.040932390838861465
,,0.9998699426651001,D0.3,free,,0.9781249761581421,free_k16,,,,16,,,,,202,train,,,,,,,0.9975400567054749
,,0.6658486127853394,D0.3,free,,0.2549999952316284,free_k16,,,,16,,,,,202,test,,,,,,,-0.0364454947412014
,,0.9995967149734497,D0.3,free,,0.965624988079071,free_k32,,,,32,,,,,202,train,,,,,,,0.9976454377174377
,,0.6855027675628662,D0.3,free,,0.2775000035762787,free_k32,,,,32,,,,,202,test,,,,,,,-0.02226196974515915
,,0.9945353269577026,D0.3,induced,,0.8643749952316284,induced_k4,,,,4,,,,,202,train,,,,,,,0.9898061156272888
,,0.9705241918563843,D0.3,induced,,0.75,induced_k4,,,,4,,,,,202,test,,,,,,,0.9566012024879456
,,0.9924465417861938,D0.3,induced,,0.8650000095367432,induced_k8,,,,8,,,,,202,train,,,,,,,0.9859641194343567
,,0.9394004940986633,D0.3,induced,,0.6700000166893005,induced_k8,,,,8,,,,,202,test,,,,,,,0.8943035006523132
,,0.9939849972724915,D0.3,induced,,0.871874988079071,induced_k16,,,,16,,,,,202,train,,,,,,,0.9891741275787354
,,0.9140240550041199,D0.3,induced,,0.5849999785423279,induced_k16,,,,16,,,,,202,test,,,,,,,0.8478603959083557
,,0.994805634021759,D0.3,induced,,0.8843749761581421,induced_k32,,,,32,,,,,202,train,,,,,,,0.9909406304359436
,,0.9013497233390808,D0.3,induced,,0.550000011920929,induced_k32,,,,32,,,,,202,test,,,,,,,0.8242318630218506
,,0.9954220056533813,D0.3,hybrid,,0.8999999761581421,hybrid_k4,,,,4,,,,,202,train,,,,,,,0.9919446110725403
,,0.9755239486694336,D0.3,hybrid,,0.7724999785423279,hybrid_k4,,,,4,,,,,202,test,,,,,,,0.9648654460906982
,,0.9941692352294922,D0.3,hybrid,,0.8706250190734863,hybrid_k8,,,,8,,,,,202,train,,,,,,,0.9897250533103943
,,0.9394845962524414,D0.3,hybrid,,0.6625000238418579,hybrid_k8,,,,8,,,,,202,test,,,,,,,0.8941353559494019
,,0.9950421452522278,D0.3,hybrid,,0.8824999928474426,hybrid_k16,,,,16,,,,,202,train,,,,,,,0.9908920526504517
,,0.9157038927078247,D0.3,hybrid,,0.5774999856948853,hybrid_k16,,,,16,,,,,202,test,,,,,,,0.8506940007209778
,,0.9962512850761414,D0.3,hybrid,,0.8962500095367432,hybrid_k32,,,,32,,,,,202,train,,,,,,,0.9940599799156189
,,0.8985541462898254,D0.3,hybrid,,0.5699999928474426,hybrid_k32,,,,32,,,,,202,test,,,,,,,0.8180603981018066
nan,nan,,D0.2,,0.0,,,3456,none,nan,,0.0,nan,0,0.0,202,,0,,atomics,,0.9487693905830383,0.9579617381095886,
1.0,0.11933195941008312,,D0.2,,0.0,,,4992,m3,1.0,,0.375,0.34782608695652173,23,1.0,202,,8,,atomics,,0.943131685256958,0.9999890923500061,
1.0,0.11933195941008312,,D0.2,,0.0,,,4992,m3_anderson,1.0,,0.375,0.34782608695652173,23,1.0,202,,8,,atomics,,0.9431320428848267,0.9999890923500061,
1.0,0.1537295659168371,,D0.2,,0.05,,,4992,coherence_only,0.7777777777777778,,0.425,0.2916666666666667,24,0.875,202,,9,,atomics,,0.9452900886535645,0.9947440028190613,
0.03298901556310816,0.046779100529100504,,D0.2,,0.425,,,4992,random,0.15,,0.5,0.13043478260869565,23,0.375,202,,20,,atomics,,0.939685046672821,0.9609558582305908,
1.0,1.0,,D0.2,,nan,,,3968,oracle,nan,,nan,nan,0,nan,202,,0,,atomics,,0.9999341368675232,0.9999346137046814,
nan,nan,,D0.2,,0.0,,,3456,none,nan,,0.0,nan,0,0.0,202,,0,,relations,,0.903999924659729,0.9176875948905945,
1.0,0.0,,D0.2,,0.0,,,3648,m3,1.0,,0.25,0.6666666666666666,3,1.0,202,,2,,relations,,0.8516362905502319,0.9999992847442627,
1.0,0.0,,D0.2,,0.0,,,3648,m3_anderson,1.0,,0.25,0.6666666666666666,3,1.0,202,,2,,relations,,0.8516362905502319,0.9999992847442627,
1.0,0.0,,D0.2,,0.0,,,3648,coherence_only,1.0,,0.5,0.3333333333333333,3,0.5,202,,1,,relations,,0.870048463344574,0.9605520367622375,
-0.0017695120465232499,0.05257483354320469,,D0.2,,0.5,,,3648,random,0.3333333333333333,,0.5,0.3333333333333333,3,0.5,202,,3,,relations,,0.9030992984771729,0.9187108874320984,
1.0,1.0,,D0.2,,nan,,,3584,oracle,nan,,nan,nan,0,nan,202,,0,,relations,,0.9998177886009216,0.9998245239257812,
,,1.0,D0.1,,,1.0,m0,,,,,,,,,303,train,,0.0,,static,,,nan
,,0.9999998807907104,D0.1,,,1.0,m0,,,,,,,,,303,test,,0.0,,static,,,nan
,,1.0,D0.1,,,1.0,salience,,,,,,,,,303,train,,0.0,,static,,,nan
,,1.0,D0.1,,,1.0,salience,,,,,,,,,303,test,,0.0,,static,,,nan
,,0.9999992251396179,D0.1,,,1.0,m1_p0,,,,,,,,,303,train,,0.0,,static,,,nan
,,0.999987006187439,D0.1,,,0.9950000047683716,m1_p0,,,,,,,,,303,test,,0.0,,static,,,nan
,,0.9999992251396179,D0.1,,,1.0,m1_q,,,,,,,,,303,train,,0.0,,static,,,nan
,,0.999987006187439,D0.1,,,0.9950000047683716,m1_q,,,,,,,,,303,test,,0.0,,static,,,nan
,,0.9999994039535522,D0.1,,,0.9975000023841858,free_query_q,,,,,,,,,303,train,,0.0,,static,,,nan
,,0.9999715685844421,D0.1,,,1.0,free_query_q,,,,,,,,,303,test,,0.0,,static,,,nan
,,0.7903368473052979,D0.1,,,0.6240624785423279,m0,,,,,,,,,303,train,,0.5,,contextual,,,nan
,,0.5963362455368042,D0.1,,,0.5956249833106995,m0,,,,,,,,,303,test,,0.5,,contextual,,,nan
,,0.6265090107917786,D0.1,,,0.6100000143051147,m0,,,,,,,,,303,test_seen_context,,0.5,,contextual,,,nan
,,0.7902165651321411,D0.1,,,0.6248437762260437,salience,,,,,,,,,303,train,,0.5,,contextual,,,0.25153905153274536
,,0.5953274965286255,D0.1,,,0.5956249833106995,salience,,,,,,,,,303,test,,0.5,,contextual,,,-0.060780368745326996
,,0.62697434425354,D0.1,,,0.6100000143051147,salience,,,,,,,,,303,test_seen_context,,0.5,,contextual,,,0.1585991084575653
,,0.9721515774726868,D0.1,,,0.727343738079071,m1_p0,,,,,,,,,303,train,,0.5,,contextual,,,0.9588661789894104
,,0.8482874035835266,D0.1,,,0.6581249833106995,m1_p0,,,,,,,,,303,test,,0.5,,contextual,,,0.7153216600418091
,,0.8949416279792786,D0.1,,,0.6787499785423279,m1_p0,,,,,,,,,303,test_seen_context,,0.5,,contextual,,,0.7904011011123657
,,0.9971019625663757,D0.1,,,0.9326562285423279,m1_q,,,,,,,,,303,train,,0.5,,contextual,,,0.9948267340660095
,,0.9655280113220215,D0.1,,,0.8149999976158142,m1_q,,,,,,,,,303,test,,0.5,,contextual,,,0.9357657432556152
,,0.970413863658905,D0.1,,,0.8062499761581421,m1_q,,,,,,,,,303,test_seen_context,,0.5,,contextual,,,0.9418401122093201
,,0.9993644952774048,D0.1,,,0.9593750238418579,free_query_q,,,,,,,,,303,train,,0.5,,contextual,,,0.9977679252624512
,,0.6924651861190796,D0.1,,,0.5799999833106995,free_query_q,,,,,,,,,303,test,,0.5,,contextual,,,0.2443162053823471
,,0.6852014660835266,D0.1,,,0.6468750238418579,free_query_q,,,,,,,,,303,test_seen_context,,0.5,,contextual,,,0.1807103306055069
,,0.7884829044342041,D0.1,,,0.5610937476158142,m0,,,,,,,,,303,train,,1.0,,contextual,,,nan
,,0.5427838563919067,D0.1,,,0.5293750166893005,m0,,,,,,,,,303,test,,1.0,,contextual,,,nan
,,0.6516960263252258,D0.1,,,0.5924999713897705,m0,,,,,,,,,303,test_seen_context,,1.0,,contextual,,,nan
,,0.7885268926620483,D0.1,,,0.5609375238418579,salience,,,,,,,,,303,train,,1.0,,contextual,,,0.3938942849636078
,,0.5412651300430298,D0.1,,,0.5293750166893005,salience,,,,,,,,,303,test,,1.0,,contextual,,,-0.06882816553115845
,,0.651931643486023,D0.1,,,0.5918750166893005,salience,,,,,,,,,303,test_seen_context,,1.0,,contextual,,,0.3128405511379242
,,0.9302164316177368,D0.1,,,0.6385937333106995,m1_p0,,,,,,,,,303,train,,1.0,,contextual,,,0.889883279800415
,,0.7061610221862793,D0.1,,,0.5525000095367432,m1_p0,,,,,,,,,303,test,,1.0,,contextual,,,0.44440484046936035
,,0.820388913154602,D0.1,,,0.6424999833106995,m1_p0,,,,,,,,,303,test_seen_context,,1.0,,contextual,,,0.6117962598800659
,,0.9954236745834351,D0.1,,,0.9085937738418579,m1_q,,,,,,,,,303,train,,1.0,,contextual,,,0.9932906031608582
,,0.9651044011116028,D0.1,,,0.7712500095367432,m1_q,,,,,,,,,303,test,,1.0,,contextual,,,0.9410801529884338
,,0.9704936742782593,D0.1,,,0.809374988079071,m1_q,,,,,,,,,303,test_seen_context,,1.0,,contextual,,,0.949656069278717
,,0.9993934631347656,D0.1,,,0.9618750214576721,free_query_q,,,,,,,,,303,train,,1.0,,contextual,,,0.998018205165863
,,0.7467795014381409,D0.1,,,0.5268750190734863,free_query_q,,,,,,,,,303,test,,1.0,,contextual,,,0.49228009581565857
,,0.7386801242828369,D0.1,,,0.6299999952316284,free_query_q,,,,,,,,,303,test_seen_context,,1.0,,contextual,,,0.426626056432724
,,0.7897770404815674,D0.1,,,0.49609375,m0,,,,,,,,,303,train,,2.0,,contextual,,,nan
,,0.46732884645462036,D0.1,,,0.4156250059604645,m0,,,,,,,,,303,test,,2.0,,contextual,,,nan
,,0.7033013105392456,D0.1,,,0.5462499856948853,m0,,,,,,,,,303,test_seen_context,,2.0,,contextual,,,nan
,,0.7899981141090393,D0.1,,,0.4973437488079071,salience,,,,,,,,,303,train,,2.0,,contextual,,,0.5308700203895569
,,0.46652284264564514,D0.1,,,0.41187500953674316,salience,,,,,,,,,303,test,,2.0,,contextual,,,-0.02235374040901661
,,0.7040516138076782,D0.1,,,0.5481250286102295,salience,,,,,,,,,303,test_seen_context,,2.0,,contextual,,,0.5006017684936523
,,0.8820527195930481,D0.1,,,0.5456249713897705,m1_p0,,,,,,,,,303,train,,2.0,,contextual,,,0.8080907464027405
,,0.5419890284538269,D0.1,,,0.4193750023841858,m1_p0,,,,,,,,,303,test,,2.0,,contextual,,,0.20996013283729553
,,0.765011727809906,D0.1,,,0.5568749904632568,m1_p0,,,,,,,,,303,test_seen_context,,2.0,,contextual,,,0.4994320869445801
,,0.9963893890380859,D0.1,,,0.9103124737739563,m1_q,,,,,,,,,303,train,,2.0,,contextual,,,0.9950352311134338
,,0.9619844555854797,D0.1,,,0.7737500071525574,m1_q,,,,,,,,,303,test,,2.0,,contextual,,,0.9429928660392761
,,0.9745879173278809,D0.1,,,0.8187500238418579,m1_q,,,,,,,,,303,test_seen_context,,2.0,,contextual,,,0.9600846171379089
,,0.9993234872817993,D0.1,,,0.9485937356948853,free_query_q,,,,,,,,,303,train,,2.0,,contextual,,,0.9980311989784241
,,0.8342233896255493,D0.1,,,0.5881249904632568,free_query_q,,,,,,,,,303,test,,2.0,,contextual,,,0.7153668403625488
,,0.8282200694084167,D0.1,,,0.5987499952316284,free_query_q,,,,,,,,,303,test_seen_context,,2.0,,contextual,,,0.6987441778182983
,,0.7948595285415649,D0.1,,,0.44593751430511475,m0,,,,,,,,,303,train,,4.0,,contextual,,,nan
,,0.3803795278072357,D0.1,,,0.3449999988079071,m0,,,,,,,,,303,test,,4.0,,contextual,,,nan
,,0.725054919719696,D0.1,,,0.4975000023841858,m0,,,,,,,,,303,test_seen_context,,4.0,,contextual,,,nan
,,0.7951539158821106,D0.1,,,0.4476562440395355,salience,,,,,,,,,303,train,,4.0,,contextual,,,0.6327436566352844
,,0.37586578726768494,D0.1,,,0.3462499976158142,salience,,,,,,,,,303,test,,4.0,,contextual,,,-0.003047730540856719
,,0.7251352667808533,D0.1,,,0.4975000023841858,salience,,,,,,,,,303,test_seen_context,,4.0,,contextual,,,0.5841299891471863
,,0.8495857119560242,D0.1,,,0.4684374928474426,m1_p0,,,,,,,,,303,train,,4.0,,contextual,,,0.7672809362411499
,,0.4429128170013428,D0.1,,,0.3412500023841858,m1_p0,,,,,,,,,303,test,,4.0,,contextual,,,0.02950928919017315
,,0.7076588869094849,D0.1,,,0.46812498569488525,m1_p0,,,,,,,,,303,test_seen_context,,4.0,,contextual,,,0.4078003168106079
,,0.9951956868171692,D0.1,,,0.8806250095367432,m1_q,,,,,,,,,303,train,,4.0,,contextual,,,0.9945935606956482
,,0.9519254565238953,D0.1,,,0.7462499737739563,m1_q,,,,,,,,,303,test,,4.0,,contextual,,,0.9438219666481018
,,0.9761829376220703,D0.1,,,0.7893750071525574,m1_q,,,,,,,,,303,test_seen_context,,4.0,,contextual,,,0.9709838032722473
,,0.9983280301094055,D0.1,,,0.9181249737739563,free_query_q,,,,,,,,,303,train,,4.0,,contextual,,,0.9963335394859314
,,0.8752376437187195,D0.1,,,0.6462500095367432,free_query_q,,,,,,,,,303,test,,4.0,,contextual,,,0.833845317363739
,,0.8928305506706238,D0.1,,,0.6581249833106995,free_query_q,,,,,,,,,303,test_seen_context,,4.0,,contextual,,,0.8521775007247925
,,0.8190345764160156,D0.3,induced,,0.40562498569488525,m0,,,,0,,,,,303,train,,,,,,,nan
,,0.6394861936569214,D0.3,induced,,0.2574999928474426,m0,,,,0,,,,,303,test,,,,,,,nan
,,0.9996702075004578,D0.3,free,,0.965624988079071,free_k4,,,,4,,,,,303,train,,,,,,,0.9872748851776123
,,0.6102049946784973,D0.3,free,,0.27000001072883606,free_k4,,,,4,,,,,303,test,,,,,,,-0.0973736122250557
,,0.9998242259025574,D0.3,free,,0.987500011920929,free_k8,,,,8,,,,,303,train,,,,,,,0.9935164451599121
,,0.655175507068634,D0.3,free,,0.2775000035762787,free_k8,,,,8,,,,,303,test,,,,,,,-0.11419195681810379
,,0.9998340606689453,D0.3,free,,0.981249988079071,free_k16,,,,16,,,,,303,train,,,,,,,0.9939695596694946
,,0.6910285949707031,D0.3,free,,0.3174999952316284,free_k16,,,,16,,,,,303,test,,,,,,,-0.07339613139629364
,,0.9997493624687195,D0.3,free,,0.9700000286102295,free_k32,,,,32,,,,,303,train,,,,,,,0.9949002861976624
,,0.7219150066375732,D0.3,free,,0.32749998569488525,free_k32,,,,32,,,,,303,test,,,,,,,0.020331840962171555
,,0.9953916668891907,D0.3,induced,,0.8962500095367432,induced_k4,,,,4,,,,,303,train,,,,,,,0.9912639856338501
,,0.9926632046699524,D0.3,induced,,0.862500011920929,induced_k4,,,,4,,,,,303,test,,,,,,,0.9857432246208191
,,0.9963658452033997,D0.3,induced,,0.9056249856948853,induced_k8,,,,8,,,,,303,train,,,,,,,0.9925873875617981
,,0.9757373929023743,D0.3,induced,,0.75,induced_k8,,,,8,,,,,303,test,,,,,,,0.9539112448692322
,,0.9969148635864258,D0.3,induced,,0.8974999785423279,induced_k16,,,,16,,,,,303,train,,,,,,,0.9945752620697021
,,0.9428003430366516,D0.3,induced,,0.6474999785423279,induced_k16,,,,16,,,,,303,test,,,,,,,0.8891056776046753
,,0.9968647956848145,D0.3,induced,,0.9018750190734863,induced_k32,,,,32,,,,,303,train,,,,,,,0.9937838315963745
,,0.9226151704788208,D0.3,induced,,0.6100000143051147,induced_k32,,,,32,,,,,303,test,,,,,,,0.856662392616272
,,0.9971510171890259,D0.3,hybrid,,0.90625,hybrid_k4,,,,4,,,,,303,train,,,,,,,0.9946094751358032
,,0.9916325807571411,D0.3,hybrid,,0.8525000214576721,hybrid_k4,,,,4,,,,,303,test,,,,,,,0.9835136532783508
,,0.9965303540229797,D0.3,hybrid,,0.9018750190734863,hybrid_k8,,,,8,,,,,303,train,,,,,,,0.9942333102226257
,,0.9759508371353149,D0.3,hybrid,,0.7674999833106995,hybrid_k8,,,,8,,,,,303,test,,,,,,,0.9538159966468811
,,0.9973844289779663,D0.3,hybrid,,0.9162499904632568,hybrid_k16,,,,16,,,,,303,train,,,,,,,0.9955911636352539
,,0.9410024881362915,D0.3,hybrid,,0.6524999737739563,hybrid_k16,,,,16,,,,,303,test,,,,,,,0.8866145610809326
,,0.9982665181159973,D0.3,hybrid,,0.9225000143051147,hybrid_k32,,,,32,,,,,303,train,,,,,,,0.9968678951263428
,,0.9213979840278625,D0.3,hybrid,,0.5975000262260437,hybrid_k32,,,,32,,,,,303,test,,,,,,,0.8542357087135315
nan,nan,,D0.2,,0.0,,,3456,none,nan,,0.0,nan,0,0.0,303,,0,,atomics,,0.9405482411384583,0.9587715864181519,
1.0,-0.07373644354202308,,D0.2,,0.0,,,4992,m3,1.0,,0.375,0.34782608695652173,23,1.0,303,,8,,atomics,,0.9223384857177734,0.9999708533287048,
1.0,-0.07373644354202308,,D0.2,,0.0,,,4992,m3_anderson,1.0,,0.375,0.34782608695652173,23,1.0,303,,8,,atomics,,0.9223371744155884,0.9999710321426392,
1.0,-0.046146353451933,,D0.2,,0.0,,,4992,coherence_only,1.0,,0.4,0.3333333333333333,24,1.0,303,,8,,atomics,,0.9246874451637268,0.9999730587005615,
-0.0034387679636043713,0.46709285062086897,,D0.2,,0.425,,,4992,random,0.10526315789473684,,0.45,0.1,20,0.25,303,,19,,atomics,,0.9416590929031372,0.9611403942108154,
1.0,1.0,,D0.2,,nan,,,3968,oracle,nan,,nan,nan,0,nan,303,,0,,atomics,,0.9998173713684082,0.9998215436935425,
nan,nan,,D0.2,,0.0,,,3456,none,nan,,0.0,nan,0,0.0,303,,0,,relations,,0.8977838158607483,0.9232645034790039,
1.0,0.0,,D0.2,,0.0,,,3648,m3,1.0,,0.25,0.6666666666666666,3,1.0,303,,2,,relations,,0.8184212446212769,0.9999983906745911,
1.0,0.0,,D0.2,,0.0,,,3648,m3_anderson,1.0,,0.25,0.6666666666666666,3,1.0,303,,2,,relations,,0.8184212446212769,0.9999983906745911,
1.0,0.0,,D0.2,,0.0,,,3648,coherence_only,1.0,,0.25,0.6666666666666666,3,1.0,303,,2,,relations,,0.8184185028076172,0.9999983906745911,
-0.0022898608682972855,-0.0012672810108101276,,D0.2,,0.25,,,3648,random,0.6666666666666666,,0.25,0.6666666666666666,3,1.0,303,,3,,relations,,0.8976595997810364,0.924319863319397,
1.0,1.0,,D0.2,,nan,,,3584,oracle,nan,,nan,nan,0,nan,303,,0,,relations,,0.9998447895050049,0.9998483657836914,
