final_loss,initial_loss,mean_targets_per_query,method,parameters,partition,queries,queries_seen,queries_unseen,query_mrr,query_mrr_seen,query_mrr_unseen,seed,set_hit_at_10,set_mass_nll,set_recall_at_10,target_candidates,target_centroid_cosine
3.5436508655548096,5.737544059753418,2.0,offset,1536,test,37,0,37,0.25373825430870056,nan,0.25373825430870056,19,0.5135135054588318,3.519941568374634,0.3513513505458832,72,0.15206874907016754
0.6982746124267578,5.719629287719727,2.0,low_rank,12288,test,37,0,37,0.26418057084083557,nan,0.26418057084083557,19,0.4864864945411682,4.179457187652588,0.28378379344940186,72,0.15760615468025208
2.3051564693450928,5.737544059753418,2.0,low_rank_matched,3076,test,37,0,37,0.1695973128080368,nan,0.1695973128080368,19,0.45945945382118225,3.522629976272583,0.2432432472705841,72,0.05738481879234314
3.4663779735565186,5.737544059753418,2.0,basis_offset_residual_hrr,3842,test,37,0,37,0.24960394203662872,nan,0.24960394203662872,19,0.45945945382118225,3.6442863941192627,0.29729729890823364,72,0.17039890587329865
3.366905927658081,5.737544059753418,2.0,basis_offset_diagonal_control,3842,test,37,0,37,0.2683928608894348,nan,0.2683928608894348,19,0.5405405163764954,3.498570203781128,0.3513513505458832,72,0.1898634433746338
3.428071975708008,5.737544059753418,2.0,basis_offset_rotated_diagonal_control,3842,test,37,0,37,0.2631271779537201,nan,0.2631271779537201,19,0.5135135054588318,3.6007208824157715,0.29729729890823364,72,0.17755922675132751
3.8276214599609375,5.737544059753418,2.0,shuffled_offset,1536,test,37,0,37,0.14463600516319275,nan,0.14463600516319275,19,0.29729729890823364,4.145377159118652,0.1756756752729416,72,0.06684467941522598
0.7451016306877136,5.725513935089111,2.0,shuffled_low_rank,12288,test,37,0,37,0.3187771737575531,nan,0.3187771737575531,19,0.5945945978164673,4.400838375091553,0.3378378450870514,72,0.179952934384346
2.3697736263275146,5.737544059753418,2.0,shuffled_low_rank_matched,3076,test,37,0,37,0.20351767539978027,nan,0.20351767539978027,19,0.45945945382118225,3.9391355514526367,0.2702702581882477,72,0.04648603871464729
3.8024466037750244,5.737544059753418,2.0,shuffled_basis_offset_residual_hrr,3842,test,37,0,37,0.20646242797374725,nan,0.20646242797374725,19,0.3243243098258972,4.289391040802002,0.18918919563293457,72,0.08347101509571075
3.718562602996826,5.737544059753418,2.0,shuffled_basis_offset_diagonal_control,3842,test,37,0,37,0.22072374820709229,nan,0.22072374820709229,19,0.4324324429035187,4.144885063171387,0.2432432472705841,72,0.09725171327590942
3.7687838077545166,5.737544059753418,2.0,shuffled_basis_offset_rotated_diagonal_control,3842,test,37,0,37,0.19795405864715576,nan,0.19795405864715576,19,0.4054054021835327,4.236372470855713,0.22972972691059113,72,0.0883512794971466
3.6597955226898193,5.725549221038818,2.0,offset,1536,test,37,0,37,0.40346699953079224,nan,0.40346699953079224,41,0.7027027010917664,2.9366295337677,0.44594594836235046,71,0.16518881916999817
0.7112463712692261,5.716450214385986,2.0,low_rank,12288,test,37,0,37,0.43518391251564026,nan,0.43518391251564026,41,0.7027027010917664,3.2430825233459473,0.45945945382118225,71,0.2621987462043762
2.4096109867095947,5.725549221038818,2.0,low_rank_matched,3076,test,37,0,37,0.23982620239257812,nan,0.23982620239257812,41,0.5675675868988037,3.5850701332092285,0.3513513505458832,71,0.06442821025848389
3.6161069869995117,5.725549221038818,2.0,basis_offset_residual_hrr,3842,test,37,0,37,0.39090853929519653,nan,0.39090853929519653,41,0.6756756901741028,3.0207149982452393,0.4054054021835327,71,0.18604502081871033
3.5161774158477783,5.725549221038818,2.0,basis_offset_diagonal_control,3842,test,37,0,37,0.42256397008895874,nan,0.42256397008895874,41,0.6756756901741028,2.8693084716796875,0.44594594836235046,71,0.20164655148983002
3.584951639175415,5.725549221038818,2.0,basis_offset_rotated_diagonal_control,3842,test,37,0,37,0.3956596553325653,nan,0.3956596553325653,41,0.6756756901741028,2.9633491039276123,0.4324324429035187,71,0.19192036986351013
3.8029348850250244,5.725549221038818,2.0,shuffled_offset,1536,test,37,0,37,0.31817883253097534,nan,0.31817883253097534,41,0.5405405163764954,3.688389539718628,0.37837839126586914,71,0.07772834599018097
0.785821795463562,5.724730968475342,2.0,shuffled_low_rank,12288,test,37,0,37,0.41397327184677124,nan,0.41397327184677124,41,0.5945945978164673,3.8070452213287354,0.3918918967247009,71,0.27446043491363525
2.390732765197754,5.725549221038818,2.0,shuffled_low_rank_matched,3076,test,37,0,37,0.2297692894935608,nan,0.2297692894935608,41,0.5405405163764954,3.436319351196289,0.3378378450870514,71,0.07409144937992096
3.7583556175231934,5.725549221038818,2.0,shuffled_basis_offset_residual_hrr,3842,test,37,0,37,0.3467947244644165,nan,0.3467947244644165,41,0.5405405163764954,4.1910400390625,0.36486485600471497,71,0.08934986591339111
3.6643967628479004,5.725549221038818,2.0,shuffled_basis_offset_diagonal_control,3842,test,37,0,37,0.3591640889644623,nan,0.3591640889644623,41,0.5945945978164673,4.035994052886963,0.4054054021835327,71,0.10660769790410995
3.732645034790039,5.725549221038818,2.0,shuffled_basis_offset_rotated_diagonal_control,3842,test,37,0,37,0.3318994343280792,nan,0.3318994343280792,41,0.5405405163764954,4.114089488983154,0.37837839126586914,71,0.09394118934869766
3.7076878547668457,6.501738548278809,2.0,offset,1536,test,37,0,37,0.31920671463012695,nan,0.31920671463012695,61,0.6756756901741028,2.9776315689086914,0.37837839126586914,70,0.15539014339447021
0.7246897220611572,6.492194652557373,2.0,low_rank,12288,test,37,0,37,0.3139222264289856,nan,0.3139222264289856,61,0.5945945978164673,3.9321367740631104,0.3918918967247009,70,0.2335432469844818
2.4336342811584473,6.501738548278809,2.0,low_rank_matched,3076,test,37,0,37,0.2510407567024231,nan,0.2510407567024231,61,0.6216216087341309,2.968745470046997,0.4054054021835327,70,0.1326581984758377
3.65419602394104,6.501738548278809,2.0,basis_offset_residual_hrr,3842,test,37,0,37,0.3328283429145813,nan,0.3328283429145813,61,0.5945945978164673,3.2147774696350098,0.3513513505458832,70,0.17850381135940552
3.5671772956848145,6.501738548278809,2.0,basis_offset_diagonal_control,3842,test,37,0,37,0.3880505859851837,nan,0.3880505859851837,61,0.6216216087341309,3.074941635131836,0.37837839126586914,70,0.19431716203689575
3.626661777496338,6.501738548278809,2.0,basis_offset_rotated_diagonal_control,3842,test,37,0,37,0.36526766419410706,nan,0.36526766419410706,61,0.6216216087341309,3.1560120582580566,0.37837839126586914,70,0.1846626102924347
3.979808807373047,6.501738548278809,2.0,shuffled_offset,1536,test,37,0,37,0.2468263804912567,nan,0.2468263804912567,61,0.4054054021835327,3.584644317626953,0.2432432472705841,70,0.05169609934091568
0.7902663946151733,6.493526458740234,2.0,shuffled_low_rank,12288,test,37,0,37,0.2951088547706604,nan,0.2951088547706604,61,0.5675675868988037,3.994025468826294,0.31081080436706543,70,0.19611532986164093
2.445397138595581,6.501738548278809,2.0,shuffled_low_rank_matched,3076,test,37,0,37,0.1974906176328659,nan,0.1974906176328659,61,0.5675675868988037,3.414780378341675,0.3513513505458832,70,0.07777602970600128
4.004176139831543,6.501738548278809,2.0,shuffled_basis_offset_residual_hrr,3842,test,37,0,37,0.2669023275375366,nan,0.2669023275375366,61,0.4324324429035187,3.594099760055542,0.2432432472705841,70,0.07183653861284256
3.927057981491089,6.501738548278809,2.0,shuffled_basis_offset_diagonal_control,3842,test,37,0,37,0.2721731960773468,nan,0.2721731960773468,61,0.4324324429035187,3.4872844219207764,0.2567567527294159,70,0.08483685553073883
3.974536418914795,6.501738548278809,2.0,shuffled_basis_offset_rotated_diagonal_control,3842,test,37,0,37,0.2682918906211853,nan,0.2682918906211853,61,0.45945945382118225,3.5534069538116455,0.2567567527294159,70,0.07687661796808243
