final_loss,initial_loss,mean_targets_per_query,method,parameters,queries,query_mrr,seed,set_hit_at_10,set_mass_nll,set_recall_at_10,target_candidates,target_centroid_cosine
3.825838327407837,5.865748405456543,2.0,offset,1536,37,0.27702954411506653,19,0.5945945978164673,3.4235286712646484,0.36486485600471497,72,0.17067722976207733
1.0380628108978271,5.846780776977539,2.0,low_rank,12288,37,0.3325905203819275,19,0.6216216087341309,3.9239602088928223,0.4054054021835327,72,0.20946121215820312
3.7627463340759277,5.865748405456543,2.0,basis_offset_residual_hrr,3842,37,0.2737542688846588,19,0.5945945978164673,3.530933380126953,0.36486485600471497,72,0.19164156913757324
3.6709463596343994,5.865748405456543,2.0,basis_offset_diagonal_control,3842,37,0.31977906823158264,19,0.5945945978164673,3.3772788047790527,0.36486485600471497,72,0.21027113497257233
4.084298133850098,5.865748405456543,2.0,shuffled_basis_offset_residual_hrr,3842,37,0.2057325392961502,19,0.4864864945411682,4.060955047607422,0.2567567527294159,72,0.11193964630365372
3.9918153285980225,5.865748405456543,2.0,shuffled_basis_offset_diagonal_control,3842,37,0.27559804916381836,19,0.45945945382118225,3.8827366828918457,0.2567567527294159,72,0.13048195838928223
3.967256546020508,6.16414737701416,2.0,offset,1536,37,0.3455446660518646,41,0.6756756901741028,2.9012959003448486,0.3918918967247009,71,0.17302553355693817
1.0712480545043945,6.1552557945251465,2.0,low_rank,12288,37,0.5572816729545593,41,0.7567567825317383,3.033036708831787,0.5270270109176636,71,0.28553879261016846
3.9037227630615234,6.16414737701416,2.0,basis_offset_residual_hrr,3842,37,0.39311483502388,41,0.6756756901741028,2.930530548095703,0.4054054021835327,71,0.1946168839931488
3.816450595855713,6.16414737701416,2.0,basis_offset_diagonal_control,3842,37,0.3940737545490265,41,0.6756756901741028,2.8034801483154297,0.4189189076423645,71,0.2090337574481964
4.1483306884765625,6.16414737701416,2.0,shuffled_basis_offset_residual_hrr,3842,37,0.29236990213394165,41,0.5675675868988037,4.2210493087768555,0.36486485600471497,71,0.10090630501508713
4.059309482574463,6.16414737701416,2.0,shuffled_basis_offset_diagonal_control,3842,37,0.3378438949584961,41,0.6216216087341309,4.060255527496338,0.3918918967247009,71,0.1173170953989029
3.9950037002563477,6.475461006164551,2.0,offset,1536,37,0.362118661403656,61,0.7567567825317383,2.7498481273651123,0.44594594836235046,70,0.17171475291252136
1.0695465803146362,6.467224597930908,2.0,low_rank,12288,37,0.42580920457839966,61,0.7297297120094299,3.4073843955993652,0.45945945382118225,70,0.2819962501525879
3.949338436126709,6.475461006164551,2.0,basis_offset_residual_hrr,3842,37,0.3563293218612671,61,0.7837837934494019,2.7832629680633545,0.45945945382118225,70,0.19706222414970398
3.8623578548431396,6.475461006164551,2.0,basis_offset_diagonal_control,3842,37,0.4027043282985687,61,0.8108108043670654,2.6542649269104004,0.4864864945411682,70,0.21236556768417358
4.343976020812988,6.475461006164551,2.0,shuffled_basis_offset_residual_hrr,3842,37,0.22570271790027618,61,0.5405405163764954,3.4822003841400146,0.31081080436706543,70,0.07949119806289673
4.251036167144775,6.475461006164551,2.0,shuffled_basis_offset_diagonal_control,3842,37,0.2736905515193939,61,0.4864864945411682,3.324587345123291,0.29729729890823364,70,0.09563600271940231
