edge_index,partition,seed
0,train,19
1,train,19
2,train,19
3,train,19
4,train,19
5,train,19
6,train,19
7,train,19
10,train,19
11,train,19
12,train,19
13,train,19
14,train,19
15,train,19
18,train,19
19,train,19
20,train,19
21,train,19
22,train,19
23,train,19
24,train,19
25,train,19
28,train,19
29,train,19
30,train,19
31,train,19
32,train,19
33,train,19
34,train,19
35,train,19
36,train,19
37,train,19
38,train,19
39,train,19
40,train,19
41,train,19
42,train,19
43,train,19
48,train,19
49,train,19
52,train,19
53,train,19
54,train,19
55,train,19
60,train,19
61,train,19
62,train,19
63,train,19
64,train,19
65,train,19
68,train,19
69,train,19
70,train,19
71,train,19
72,train,19
73,train,19
74,train,19
75,train,19
76,train,19
77,train,19
78,train,19
79,train,19
82,train,19
83,train,19
88,train,19
89,train,19
90,train,19
91,train,19
92,train,19
93,train,19
94,train,19
95,train,19
96,train,19
97,train,19
98,train,19
99,train,19
100,train,19
101,train,19
102,train,19
103,train,19
104,train,19
105,train,19
106,train,19
107,train,19
112,train,19
113,train,19
116,train,19
117,train,19
118,train,19
119,train,19
120,train,19
121,train,19
122,train,19
123,train,19
124,train,19
125,train,19
126,train,19
127,train,19
128,train,19
129,train,19
130,train,19
131,train,19
136,train,19
137,train,19
138,train,19
139,train,19
142,train,19
143,train,19
144,train,19
145,train,19
146,train,19
147,train,19
148,train,19
149,train,19
152,train,19
153,train,19
154,train,19
155,train,19
164,train,19
165,train,19
166,train,19
167,train,19
168,train,19
169,train,19
170,train,19
171,train,19
172,train,19
173,train,19
174,train,19
175,train,19
176,train,19
177,train,19
178,train,19
179,train,19
180,train,19
181,train,19
184,train,19
185,train,19
186,train,19
187,train,19
190,train,19
191,train,19
192,train,19
193,train,19
194,train,19
195,train,19
196,train,19
197,train,19
198,train,19
199,train,19
200,train,19
201,train,19
202,train,19
203,train,19
204,train,19
205,train,19
206,train,19
207,train,19
208,train,19
209,train,19
210,train,19
211,train,19
212,train,19
213,train,19
214,train,19
217,train,19
218,train,19
219,train,19
220,train,19
221,train,19
222,train,19
223,train,19
224,train,19
225,train,19
226,train,19
227,train,19
228,train,19
233,train,19
234,train,19
237,train,19
238,train,19
241,train,19
242,train,19
243,train,19
246,train,19
247,train,19
248,train,19
249,train,19
250,train,19
251,train,19
252,train,19
253,train,19
254,train,19
259,train,19
260,train,19
261,train,19
262,train,19
265,train,19
266,train,19
267,train,19
268,train,19
269,train,19
270,train,19
271,train,19
272,train,19
273,train,19
274,train,19
275,train,19
276,train,19
279,train,19
280,train,19
281,train,19
282,train,19
285,train,19
286,train,19
287,train,19
288,train,19
289,train,19
290,train,19
293,train,19
294,train,19
295,train,19
296,train,19
297,train,19
298,train,19
299,train,19
300,train,19
8,test,19
9,test,19
16,test,19
17,test,19
26,test,19
27,test,19
44,test,19
45,test,19
46,test,19
47,test,19
50,test,19
51,test,19
56,test,19
57,test,19
58,test,19
59,test,19
66,test,19
67,test,19
80,test,19
81,test,19
84,test,19
85,test,19
86,test,19
87,test,19
108,test,19
109,test,19
110,test,19
111,test,19
114,test,19
115,test,19
132,test,19
133,test,19
134,test,19
135,test,19
140,test,19
141,test,19
150,test,19
151,test,19
156,test,19
157,test,19
158,test,19
159,test,19
160,test,19
161,test,19
162,test,19
163,test,19
182,test,19
183,test,19
188,test,19
189,test,19
215,test,19
216,test,19
229,test,19
230,test,19
231,test,19
232,test,19
235,test,19
236,test,19
239,test,19
240,test,19
244,test,19
245,test,19
255,test,19
256,test,19
257,test,19
258,test,19
263,test,19
264,test,19
277,test,19
278,test,19
283,test,19
284,test,19
291,test,19
292,test,19
0,train,41
1,train,41
6,train,41
7,train,41
8,train,41
9,train,41
10,train,41
11,train,41
14,train,41
15,train,41
16,train,41
17,train,41
18,train,41
19,train,41
20,train,41
21,train,41
24,train,41
25,train,41
26,train,41
27,train,41
28,train,41
29,train,41
30,train,41
31,train,41
32,train,41
33,train,41
36,train,41
37,train,41
38,train,41
39,train,41
42,train,41
43,train,41
44,train,41
45,train,41
46,train,41
47,train,41
48,train,41
49,train,41
50,train,41
51,train,41
54,train,41
55,train,41
56,train,41
57,train,41
62,train,41
63,train,41
66,train,41
67,train,41
68,train,41
69,train,41
72,train,41
73,train,41
74,train,41
75,train,41
76,train,41
77,train,41
78,train,41
79,train,41
80,train,41
81,train,41
82,train,41
83,train,41
84,train,41
85,train,41
86,train,41
87,train,41
90,train,41
91,train,41
92,train,41
93,train,41
98,train,41
99,train,41
100,train,41
101,train,41
102,train,41
103,train,41
104,train,41
105,train,41
108,train,41
109,train,41
110,train,41
111,train,41
112,train,41
113,train,41
114,train,41
115,train,41
116,train,41
117,train,41
118,train,41
119,train,41
120,train,41
121,train,41
122,train,41
123,train,41
124,train,41
125,train,41
132,train,41
133,train,41
134,train,41
135,train,41
136,train,41
137,train,41
138,train,41
139,train,41
140,train,41
141,train,41
142,train,41
143,train,41
144,train,41
145,train,41
146,train,41
147,train,41
148,train,41
149,train,41
150,train,41
151,train,41
152,train,41
153,train,41
156,train,41
157,train,41
158,train,41
159,train,41
160,train,41
161,train,41
162,train,41
163,train,41
164,train,41
165,train,41
166,train,41
167,train,41
170,train,41
171,train,41
172,train,41
173,train,41
174,train,41
175,train,41
178,train,41
179,train,41
180,train,41
181,train,41
182,train,41
183,train,41
184,train,41
185,train,41
190,train,41
191,train,41
192,train,41
193,train,41
194,train,41
195,train,41
196,train,41
199,train,41
200,train,41
203,train,41
204,train,41
205,train,41
206,train,41
207,train,41
208,train,41
209,train,41
210,train,41
213,train,41
214,train,41
215,train,41
216,train,41
217,train,41
218,train,41
221,train,41
222,train,41
229,train,41
230,train,41
231,train,41
232,train,41
233,train,41
234,train,41
235,train,41
236,train,41
237,train,41
238,train,41
239,train,41
240,train,41
241,train,41
242,train,41
243,train,41
244,train,41
245,train,41
246,train,41
247,train,41
250,train,41
251,train,41
252,train,41
253,train,41
254,train,41
255,train,41
256,train,41
261,train,41
262,train,41
263,train,41
264,train,41
265,train,41
266,train,41
269,train,41
270,train,41
271,train,41
272,train,41
275,train,41
276,train,41
277,train,41
278,train,41
279,train,41
280,train,41
281,train,41
282,train,41
283,train,41
284,train,41
285,train,41
286,train,41
287,train,41
288,train,41
289,train,41
290,train,41
291,train,41
292,train,41
295,train,41
296,train,41
299,train,41
300,train,41
2,test,41
3,test,41
4,test,41
5,test,41
12,test,41
13,test,41
22,test,41
23,test,41
34,test,41
35,test,41
40,test,41
41,test,41
52,test,41
53,test,41
58,test,41
59,test,41
60,test,41
61,test,41
64,test,41
65,test,41
70,test,41
71,test,41
88,test,41
89,test,41
94,test,41
95,test,41
96,test,41
97,test,41
106,test,41
107,test,41
126,test,41
127,test,41
128,test,41
129,test,41
130,test,41
131,test,41
154,test,41
155,test,41
168,test,41
169,test,41
176,test,41
177,test,41
186,test,41
187,test,41
188,test,41
189,test,41
197,test,41
198,test,41
201,test,41
202,test,41
211,test,41
212,test,41
219,test,41
220,test,41
223,test,41
224,test,41
225,test,41
226,test,41
227,test,41
228,test,41
248,test,41
249,test,41
257,test,41
258,test,41
259,test,41
260,test,41
267,test,41
268,test,41
273,test,41
274,test,41
293,test,41
294,test,41
297,test,41
298,test,41
0,train,61
1,train,61
2,train,61
3,train,61
4,train,61
5,train,61
6,train,61
7,train,61
8,train,61
9,train,61
10,train,61
11,train,61
14,train,61
15,train,61
16,train,61
17,train,61
20,train,61
21,train,61
22,train,61
23,train,61
24,train,61
25,train,61
26,train,61
27,train,61
28,train,61
29,train,61
32,train,61
33,train,61
34,train,61
35,train,61
36,train,61
37,train,61
38,train,61
39,train,61
40,train,61
41,train,61
42,train,61
43,train,61
46,train,61
47,train,61
48,train,61
49,train,61
50,train,61
51,train,61
52,train,61
53,train,61
60,train,61
61,train,61
62,train,61
63,train,61
64,train,61
65,train,61
70,train,61
71,train,61
72,train,61
73,train,61
74,train,61
75,train,61
80,train,61
81,train,61
82,train,61
83,train,61
84,train,61
85,train,61
86,train,61
87,train,61
90,train,61
91,train,61
92,train,61
93,train,61
94,train,61
95,train,61
96,train,61
97,train,61
100,train,61
101,train,61
104,train,61
105,train,61
108,train,61
109,train,61
114,train,61
115,train,61
118,train,61
119,train,61
120,train,61
121,train,61
122,train,61
123,train,61
126,train,61
127,train,61
128,train,61
129,train,61
130,train,61
131,train,61
134,train,61
135,train,61
140,train,61
141,train,61
142,train,61
143,train,61
144,train,61
145,train,61
146,train,61
147,train,61
148,train,61
149,train,61
150,train,61
151,train,61
152,train,61
153,train,61
158,train,61
159,train,61
160,train,61
161,train,61
162,train,61
163,train,61
164,train,61
165,train,61
166,train,61
167,train,61
170,train,61
171,train,61
172,train,61
173,train,61
174,train,61
175,train,61
176,train,61
177,train,61
180,train,61
181,train,61
182,train,61
183,train,61
184,train,61
185,train,61
186,train,61
187,train,61
188,train,61
189,train,61
190,train,61
191,train,61
192,train,61
193,train,61
194,train,61
197,train,61
198,train,61
199,train,61
200,train,61
201,train,61
202,train,61
203,train,61
204,train,61
205,train,61
206,train,61
207,train,61
208,train,61
209,train,61
210,train,61
213,train,61
214,train,61
215,train,61
216,train,61
217,train,61
218,train,61
219,train,61
220,train,61
223,train,61
224,train,61
225,train,61
226,train,61
227,train,61
228,train,61
229,train,61
230,train,61
233,train,61
234,train,61
235,train,61
236,train,61
237,train,61
238,train,61
239,train,61
240,train,61
241,train,61
242,train,61
243,train,61
244,train,61
245,train,61
248,train,61
249,train,61
250,train,61
251,train,61
252,train,61
253,train,61
254,train,61
255,train,61
256,train,61
257,train,61
258,train,61
259,train,61
260,train,61
261,train,61
262,train,61
263,train,61
264,train,61
265,train,61
266,train,61
269,train,61
270,train,61
271,train,61
272,train,61
273,train,61
274,train,61
275,train,61
276,train,61
279,train,61
280,train,61
281,train,61
282,train,61
289,train,61
290,train,61
291,train,61
292,train,61
293,train,61
294,train,61
295,train,61
296,train,61
299,train,61
300,train,61
12,test,61
13,test,61
18,test,61
19,test,61
30,test,61
31,test,61
44,test,61
45,test,61
54,test,61
55,test,61
56,test,61
57,test,61
58,test,61
59,test,61
66,test,61
67,test,61
68,test,61
69,test,61
76,test,61
77,test,61
78,test,61
79,test,61
88,test,61
89,test,61
98,test,61
99,test,61
102,test,61
103,test,61
106,test,61
107,test,61
110,test,61
111,test,61
112,test,61
113,test,61
116,test,61
117,test,61
124,test,61
125,test,61
132,test,61
133,test,61
136,test,61
137,test,61
138,test,61
139,test,61
154,test,61
155,test,61
156,test,61
157,test,61
168,test,61
169,test,61
178,test,61
179,test,61
195,test,61
196,test,61
211,test,61
212,test,61
221,test,61
222,test,61
231,test,61
232,test,61
246,test,61
247,test,61
267,test,61
268,test,61
277,test,61
278,test,61
283,test,61
284,test,61
285,test,61
286,test,61
287,test,61
288,test,61
297,test,61
298,test,61
