index,partition,seed
0,train,11
1,train,11
2,train,11
4,train,11
5,train,11
6,train,11
7,train,11
8,train,11
10,train,11
11,train,11
12,train,11
13,train,11
14,train,11
15,train,11
16,train,11
19,train,11
20,train,11
21,train,11
22,train,11
23,train,11
24,train,11
25,train,11
26,train,11
28,train,11
29,train,11
30,train,11
31,train,11
32,train,11
33,train,11
34,train,11
35,train,11
36,train,11
38,train,11
39,train,11
40,train,11
42,train,11
43,train,11
44,train,11
45,train,11
46,train,11
47,train,11
48,train,11
49,train,11
51,train,11
52,train,11
53,train,11
54,train,11
55,train,11
56,train,11
57,train,11
58,train,11
59,train,11
60,train,11
61,train,11
62,train,11
64,train,11
65,train,11
66,train,11
67,train,11
68,train,11
69,train,11
70,train,11
71,train,11
72,train,11
74,train,11
75,train,11
76,train,11
77,train,11
80,train,11
81,train,11
82,train,11
83,train,11
84,train,11
85,train,11
87,train,11
89,train,11
90,train,11
91,train,11
92,train,11
94,train,11
95,train,11
97,train,11
100,train,11
101,train,11
102,train,11
103,train,11
104,train,11
105,train,11
106,train,11
107,train,11
109,train,11
112,train,11
113,train,11
114,train,11
115,train,11
116,train,11
117,train,11
118,train,11
120,train,11
121,train,11
122,train,11
123,train,11
124,train,11
125,train,11
126,train,11
127,train,11
128,train,11
129,train,11
130,train,11
132,train,11
133,train,11
135,train,11
136,train,11
137,train,11
138,train,11
139,train,11
140,train,11
141,train,11
142,train,11
143,train,11
144,train,11
145,train,11
146,train,11
147,train,11
148,train,11
151,train,11
152,train,11
153,train,11
154,train,11
155,train,11
156,train,11
157,train,11
158,train,11
159,train,11
160,train,11
161,train,11
162,train,11
163,train,11
165,train,11
167,train,11
168,train,11
169,train,11
170,train,11
171,train,11
172,train,11
173,train,11
174,train,11
175,train,11
177,train,11
178,train,11
179,train,11
180,train,11
181,train,11
182,train,11
183,train,11
184,train,11
185,train,11
186,train,11
188,train,11
189,train,11
191,train,11
192,train,11
193,train,11
194,train,11
195,train,11
198,train,11
199,train,11
200,train,11
201,train,11
203,train,11
204,train,11
205,train,11
206,train,11
210,train,11
211,train,11
212,train,11
213,train,11
214,train,11
215,train,11
216,train,11
217,train,11
218,train,11
219,train,11
220,train,11
221,train,11
222,train,11
223,train,11
225,train,11
226,train,11
228,train,11
229,train,11
230,train,11
232,train,11
235,train,11
236,train,11
237,train,11
238,train,11
239,train,11
240,train,11
241,train,11
243,train,11
244,train,11
245,train,11
247,train,11
248,train,11
249,train,11
250,train,11
253,train,11
254,train,11
255,train,11
256,train,11
257,train,11
258,train,11
259,train,11
260,train,11
261,train,11
262,train,11
263,train,11
264,train,11
265,train,11
266,train,11
268,train,11
269,train,11
270,train,11
271,train,11
273,train,11
274,train,11
275,train,11
278,train,11
279,train,11
281,train,11
282,train,11
283,train,11
284,train,11
285,train,11
286,train,11
288,train,11
289,train,11
290,train,11
291,train,11
292,train,11
293,train,11
295,train,11
296,train,11
297,train,11
298,train,11
302,train,11
303,train,11
304,train,11
306,train,11
307,train,11
308,train,11
309,train,11
312,train,11
313,train,11
315,train,11
316,train,11
317,train,11
318,train,11
320,train,11
321,train,11
322,train,11
323,train,11
324,train,11
325,train,11
326,train,11
328,train,11
329,train,11
330,train,11
331,train,11
332,train,11
333,train,11
335,train,11
336,train,11
337,train,11
338,train,11
339,train,11
340,train,11
341,train,11
342,train,11
343,train,11
344,train,11
345,train,11
346,train,11
347,train,11
348,train,11
349,train,11
350,train,11
352,train,11
353,train,11
354,train,11
355,train,11
357,train,11
358,train,11
359,train,11
361,train,11
362,train,11
363,train,11
364,train,11
367,train,11
368,train,11
369,train,11
370,train,11
371,train,11
372,train,11
373,train,11
374,train,11
375,train,11
376,train,11
377,train,11
378,train,11
379,train,11
380,train,11
381,train,11
382,train,11
383,train,11
384,train,11
385,train,11
386,train,11
387,train,11
388,train,11
389,train,11
390,train,11
391,train,11
392,train,11
393,train,11
394,train,11
395,train,11
396,train,11
398,train,11
399,train,11
400,train,11
401,train,11
402,train,11
403,train,11
404,train,11
405,train,11
406,train,11
408,train,11
410,train,11
412,train,11
413,train,11
414,train,11
415,train,11
416,train,11
417,train,11
419,train,11
421,train,11
422,train,11
424,train,11
426,train,11
427,train,11
428,train,11
430,train,11
432,train,11
433,train,11
434,train,11
435,train,11
438,train,11
439,train,11
441,train,11
442,train,11
443,train,11
444,train,11
445,train,11
446,train,11
447,train,11
448,train,11
449,train,11
450,train,11
452,train,11
453,train,11
454,train,11
455,train,11
456,train,11
457,train,11
458,train,11
460,train,11
461,train,11
462,train,11
463,train,11
464,train,11
465,train,11
466,train,11
467,train,11
468,train,11
469,train,11
470,train,11
471,train,11
472,train,11
473,train,11
474,train,11
477,train,11
478,train,11
479,train,11
480,train,11
481,train,11
484,train,11
487,train,11
488,train,11
489,train,11
490,train,11
493,train,11
494,train,11
495,train,11
496,train,11
497,train,11
500,train,11
501,train,11
502,train,11
503,train,11
504,train,11
505,train,11
507,train,11
509,train,11
510,train,11
511,train,11
513,train,11
514,train,11
516,train,11
517,train,11
518,train,11
520,train,11
522,train,11
523,train,11
524,train,11
526,train,11
527,train,11
528,train,11
529,train,11
530,train,11
531,train,11
532,train,11
533,train,11
534,train,11
536,train,11
537,train,11
538,train,11
539,train,11
541,train,11
542,train,11
543,train,11
545,train,11
546,train,11
549,train,11
550,train,11
551,train,11
552,train,11
553,train,11
555,train,11
556,train,11
557,train,11
558,train,11
559,train,11
561,train,11
562,train,11
564,train,11
565,train,11
566,train,11
567,train,11
568,train,11
569,train,11
570,train,11
571,train,11
572,train,11
574,train,11
575,train,11
576,train,11
577,train,11
578,train,11
579,train,11
580,train,11
581,train,11
582,train,11
583,train,11
584,train,11
585,train,11
586,train,11
587,train,11
589,train,11
590,train,11
591,train,11
592,train,11
593,train,11
594,train,11
595,train,11
597,train,11
598,train,11
599,train,11
601,train,11
602,train,11
603,train,11
605,train,11
606,train,11
607,train,11
608,train,11
610,train,11
611,train,11
612,train,11
613,train,11
614,train,11
616,train,11
618,train,11
619,train,11
621,train,11
623,train,11
624,train,11
626,train,11
627,train,11
628,train,11
629,train,11
630,train,11
631,train,11
632,train,11
633,train,11
635,train,11
636,train,11
637,train,11
638,train,11
639,train,11
640,train,11
641,train,11
642,train,11
643,train,11
644,train,11
645,train,11
648,train,11
650,train,11
651,train,11
652,train,11
653,train,11
654,train,11
655,train,11
656,train,11
657,train,11
658,train,11
659,train,11
660,train,11
661,train,11
662,train,11
663,train,11
664,train,11
665,train,11
666,train,11
667,train,11
668,train,11
669,train,11
670,train,11
672,train,11
673,train,11
675,train,11
677,train,11
679,train,11
680,train,11
682,train,11
683,train,11
684,train,11
685,train,11
686,train,11
687,train,11
690,train,11
691,train,11
692,train,11
693,train,11
694,train,11
697,train,11
699,train,11
702,train,11
703,train,11
704,train,11
705,train,11
706,train,11
708,train,11
709,train,11
710,train,11
711,train,11
712,train,11
713,train,11
714,train,11
715,train,11
716,train,11
717,train,11
718,train,11
719,train,11
720,train,11
722,train,11
723,train,11
724,train,11
726,train,11
727,train,11
728,train,11
729,train,11
731,train,11
732,train,11
733,train,11
734,train,11
735,train,11
736,train,11
737,train,11
738,train,11
739,train,11
741,train,11
743,train,11
746,train,11
747,train,11
748,train,11
749,train,11
751,train,11
752,train,11
753,train,11
754,train,11
756,train,11
759,train,11
760,train,11
762,train,11
764,train,11
765,train,11
767,train,11
769,train,11
771,train,11
772,train,11
773,train,11
774,train,11
775,train,11
776,train,11
777,train,11
778,train,11
779,train,11
781,train,11
782,train,11
784,train,11
785,train,11
787,train,11
788,train,11
789,train,11
790,train,11
793,train,11
794,train,11
795,train,11
796,train,11
797,train,11
798,train,11
799,train,11
804,train,11
805,train,11
806,train,11
807,train,11
808,train,11
809,train,11
810,train,11
812,train,11
813,train,11
814,train,11
815,train,11
817,train,11
818,train,11
819,train,11
820,train,11
821,train,11
822,train,11
823,train,11
824,train,11
827,train,11
828,train,11
829,train,11
832,train,11
834,train,11
835,train,11
836,train,11
837,train,11
838,train,11
839,train,11
840,train,11
843,train,11
844,train,11
846,train,11
847,train,11
848,train,11
849,train,11
850,train,11
851,train,11
852,train,11
855,train,11
856,train,11
857,train,11
858,train,11
859,train,11
860,train,11
861,train,11
862,train,11
863,train,11
864,train,11
865,train,11
866,train,11
867,train,11
868,train,11
869,train,11
870,train,11
871,train,11
873,train,11
875,train,11
876,train,11
877,train,11
878,train,11
879,train,11
880,train,11
882,train,11
883,train,11
884,train,11
885,train,11
886,train,11
887,train,11
888,train,11
890,train,11
891,train,11
892,train,11
893,train,11
894,train,11
895,train,11
897,train,11
899,train,11
900,train,11
902,train,11
903,train,11
904,train,11
906,train,11
907,train,11
908,train,11
909,train,11
910,train,11
911,train,11
912,train,11
913,train,11
914,train,11
915,train,11
916,train,11
917,train,11
918,train,11
919,train,11
920,train,11
921,train,11
922,train,11
923,train,11
924,train,11
925,train,11
926,train,11
927,train,11
928,train,11
929,train,11
932,train,11
933,train,11
934,train,11
936,train,11
937,train,11
938,train,11
940,train,11
941,train,11
942,train,11
943,train,11
944,train,11
945,train,11
946,train,11
947,train,11
949,train,11
950,train,11
951,train,11
952,train,11
953,train,11
954,train,11
955,train,11
957,train,11
958,train,11
959,train,11
960,train,11
961,train,11
962,train,11
964,train,11
965,train,11
966,train,11
967,train,11
968,train,11
970,train,11
972,train,11
973,train,11
974,train,11
975,train,11
976,train,11
978,train,11
979,train,11
981,train,11
982,train,11
983,train,11
985,train,11
986,train,11
987,train,11
988,train,11
990,train,11
991,train,11
992,train,11
994,train,11
996,train,11
997,train,11
999,train,11
1000,train,11
1001,train,11
1002,train,11
1003,train,11
1004,train,11
1005,train,11
1006,train,11
1007,train,11
1008,train,11
1009,train,11
1010,train,11
1011,train,11
1013,train,11
1015,train,11
1016,train,11
1018,train,11
1019,train,11
1020,train,11
1021,train,11
1022,train,11
1023,train,11
1024,train,11
1025,train,11
1026,train,11
1029,train,11
1030,train,11
1031,train,11
1033,train,11
1035,train,11
1036,train,11
1038,train,11
1041,train,11
1043,train,11
1044,train,11
1045,train,11
1046,train,11
1049,train,11
1051,train,11
1053,train,11
1054,train,11
1055,train,11
1056,train,11
1057,train,11
1058,train,11
1059,train,11
1060,train,11
1062,train,11
1063,train,11
1064,train,11
1065,train,11
1066,train,11
1067,train,11
1068,train,11
1069,train,11
1070,train,11
1072,train,11
1074,train,11
1075,train,11
1076,train,11
1078,train,11
1079,train,11
1080,train,11
1082,train,11
1083,train,11
1085,train,11
1086,train,11
1087,train,11
1089,train,11
1090,train,11
1091,train,11
1092,train,11
1094,train,11
1095,train,11
1096,train,11
1097,train,11
1098,train,11
1099,train,11
1100,train,11
1101,train,11
1102,train,11
1105,train,11
1106,train,11
1107,train,11
1108,train,11
1109,train,11
1110,train,11
1112,train,11
1113,train,11
1115,train,11
1116,train,11
1117,train,11
1118,train,11
1119,train,11
1121,train,11
1122,train,11
1123,train,11
1124,train,11
1125,train,11
1127,train,11
1128,train,11
1129,train,11
1131,train,11
1133,train,11
1135,train,11
1136,train,11
1138,train,11
1139,train,11
1140,train,11
1141,train,11
1143,train,11
1144,train,11
1145,train,11
1146,train,11
1147,train,11
1149,train,11
1150,train,11
1151,train,11
1152,train,11
1153,train,11
1155,train,11
1156,train,11
1157,train,11
1158,train,11
1159,train,11
1160,train,11
1162,train,11
1163,train,11
1164,train,11
1166,train,11
1167,train,11
1168,train,11
1169,train,11
1170,train,11
1172,train,11
1175,train,11
1176,train,11
1177,train,11
1178,train,11
1180,train,11
1182,train,11
1183,train,11
1184,train,11
1185,train,11
1186,train,11
1187,train,11
1188,train,11
1189,train,11
1190,train,11
1191,train,11
1192,train,11
1193,train,11
1194,train,11
1195,train,11
1196,train,11
1197,train,11
1198,train,11
1199,train,11
3,test,11
9,test,11
17,test,11
18,test,11
27,test,11
37,test,11
41,test,11
50,test,11
63,test,11
73,test,11
78,test,11
79,test,11
86,test,11
88,test,11
93,test,11
96,test,11
98,test,11
99,test,11
108,test,11
110,test,11
111,test,11
119,test,11
131,test,11
134,test,11
149,test,11
150,test,11
164,test,11
166,test,11
176,test,11
187,test,11
190,test,11
196,test,11
197,test,11
202,test,11
207,test,11
208,test,11
209,test,11
224,test,11
227,test,11
231,test,11
233,test,11
234,test,11
242,test,11
246,test,11
251,test,11
252,test,11
267,test,11
272,test,11
276,test,11
277,test,11
280,test,11
287,test,11
294,test,11
299,test,11
300,test,11
301,test,11
305,test,11
310,test,11
311,test,11
314,test,11
319,test,11
327,test,11
334,test,11
351,test,11
356,test,11
360,test,11
365,test,11
366,test,11
397,test,11
407,test,11
409,test,11
411,test,11
418,test,11
420,test,11
423,test,11
425,test,11
429,test,11
431,test,11
436,test,11
437,test,11
440,test,11
451,test,11
459,test,11
475,test,11
476,test,11
482,test,11
483,test,11
485,test,11
486,test,11
491,test,11
492,test,11
498,test,11
499,test,11
506,test,11
508,test,11
512,test,11
515,test,11
519,test,11
521,test,11
525,test,11
535,test,11
540,test,11
544,test,11
547,test,11
548,test,11
554,test,11
560,test,11
563,test,11
573,test,11
588,test,11
596,test,11
600,test,11
604,test,11
609,test,11
615,test,11
617,test,11
620,test,11
622,test,11
625,test,11
634,test,11
646,test,11
647,test,11
649,test,11
671,test,11
674,test,11
676,test,11
678,test,11
681,test,11
688,test,11
689,test,11
695,test,11
696,test,11
698,test,11
700,test,11
701,test,11
707,test,11
721,test,11
725,test,11
730,test,11
740,test,11
742,test,11
744,test,11
745,test,11
750,test,11
755,test,11
757,test,11
758,test,11
761,test,11
763,test,11
766,test,11
768,test,11
770,test,11
780,test,11
783,test,11
786,test,11
791,test,11
792,test,11
800,test,11
801,test,11
802,test,11
803,test,11
811,test,11
816,test,11
825,test,11
826,test,11
830,test,11
831,test,11
833,test,11
841,test,11
842,test,11
845,test,11
853,test,11
854,test,11
872,test,11
874,test,11
881,test,11
889,test,11
896,test,11
898,test,11
901,test,11
905,test,11
930,test,11
931,test,11
935,test,11
939,test,11
948,test,11
956,test,11
963,test,11
969,test,11
971,test,11
977,test,11
980,test,11
984,test,11
989,test,11
993,test,11
995,test,11
998,test,11
1012,test,11
1014,test,11
1017,test,11
1027,test,11
1028,test,11
1032,test,11
1034,test,11
1037,test,11
1039,test,11
1040,test,11
1042,test,11
1047,test,11
1048,test,11
1050,test,11
1052,test,11
1061,test,11
1071,test,11
1073,test,11
1077,test,11
1081,test,11
1084,test,11
1088,test,11
1093,test,11
1103,test,11
1104,test,11
1111,test,11
1114,test,11
1120,test,11
1126,test,11
1130,test,11
1132,test,11
1134,test,11
1137,test,11
1142,test,11
1148,test,11
1154,test,11
1161,test,11
1165,test,11
1171,test,11
1173,test,11
1174,test,11
1179,test,11
1181,test,11
0,train,22
1,train,22
2,train,22
3,train,22
4,train,22
5,train,22
6,train,22
7,train,22
8,train,22
12,train,22
13,train,22
14,train,22
15,train,22
16,train,22
17,train,22
19,train,22
20,train,22
22,train,22
23,train,22
24,train,22
25,train,22
26,train,22
27,train,22
28,train,22
29,train,22
30,train,22
31,train,22
32,train,22
34,train,22
35,train,22
36,train,22
37,train,22
38,train,22
39,train,22
40,train,22
42,train,22
43,train,22
45,train,22
46,train,22
47,train,22
48,train,22
49,train,22
50,train,22
51,train,22
52,train,22
53,train,22
54,train,22
55,train,22
56,train,22
57,train,22
58,train,22
59,train,22
60,train,22
61,train,22
62,train,22
64,train,22
65,train,22
66,train,22
67,train,22
68,train,22
69,train,22
70,train,22
71,train,22
72,train,22
74,train,22
76,train,22
79,train,22
80,train,22
81,train,22
82,train,22
83,train,22
84,train,22
85,train,22
87,train,22
88,train,22
89,train,22
90,train,22
91,train,22
92,train,22
93,train,22
94,train,22
95,train,22
96,train,22
97,train,22
99,train,22
100,train,22
101,train,22
102,train,22
103,train,22
104,train,22
105,train,22
106,train,22
107,train,22
108,train,22
109,train,22
111,train,22
112,train,22
113,train,22
114,train,22
115,train,22
116,train,22
117,train,22
118,train,22
120,train,22
122,train,22
123,train,22
124,train,22
125,train,22
126,train,22
127,train,22
128,train,22
129,train,22
131,train,22
132,train,22
133,train,22
135,train,22
136,train,22
137,train,22
138,train,22
139,train,22
140,train,22
141,train,22
142,train,22
143,train,22
144,train,22
145,train,22
146,train,22
147,train,22
148,train,22
149,train,22
150,train,22
151,train,22
152,train,22
153,train,22
155,train,22
156,train,22
157,train,22
158,train,22
159,train,22
161,train,22
162,train,22
163,train,22
165,train,22
167,train,22
168,train,22
171,train,22
172,train,22
173,train,22
174,train,22
175,train,22
177,train,22
178,train,22
179,train,22
180,train,22
181,train,22
183,train,22
184,train,22
185,train,22
186,train,22
188,train,22
189,train,22
191,train,22
192,train,22
193,train,22
195,train,22
196,train,22
198,train,22
199,train,22
200,train,22
202,train,22
203,train,22
204,train,22
205,train,22
206,train,22
208,train,22
210,train,22
211,train,22
212,train,22
213,train,22
214,train,22
215,train,22
216,train,22
217,train,22
218,train,22
219,train,22
220,train,22
221,train,22
222,train,22
223,train,22
225,train,22
226,train,22
229,train,22
230,train,22
235,train,22
236,train,22
237,train,22
238,train,22
239,train,22
240,train,22
241,train,22
243,train,22
244,train,22
245,train,22
246,train,22
247,train,22
248,train,22
249,train,22
250,train,22
253,train,22
254,train,22
255,train,22
256,train,22
257,train,22
259,train,22
260,train,22
261,train,22
262,train,22
263,train,22
264,train,22
265,train,22
266,train,22
268,train,22
270,train,22
271,train,22
273,train,22
274,train,22
275,train,22
276,train,22
277,train,22
278,train,22
279,train,22
281,train,22
282,train,22
283,train,22
285,train,22
286,train,22
288,train,22
289,train,22
290,train,22
291,train,22
292,train,22
293,train,22
295,train,22
296,train,22
297,train,22
298,train,22
299,train,22
300,train,22
303,train,22
304,train,22
306,train,22
307,train,22
308,train,22
309,train,22
310,train,22
311,train,22
312,train,22
313,train,22
314,train,22
315,train,22
316,train,22
317,train,22
318,train,22
320,train,22
321,train,22
322,train,22
323,train,22
324,train,22
325,train,22
326,train,22
328,train,22
329,train,22
331,train,22
332,train,22
336,train,22
337,train,22
338,train,22
339,train,22
340,train,22
341,train,22
344,train,22
346,train,22
347,train,22
348,train,22
349,train,22
350,train,22
352,train,22
353,train,22
354,train,22
355,train,22
357,train,22
358,train,22
359,train,22
362,train,22
363,train,22
364,train,22
367,train,22
368,train,22
369,train,22
370,train,22
371,train,22
372,train,22
373,train,22
374,train,22
375,train,22
376,train,22
377,train,22
378,train,22
379,train,22
380,train,22
381,train,22
383,train,22
384,train,22
385,train,22
386,train,22
387,train,22
389,train,22
390,train,22
391,train,22
392,train,22
393,train,22
395,train,22
396,train,22
398,train,22
399,train,22
400,train,22
401,train,22
402,train,22
403,train,22
404,train,22
405,train,22
406,train,22
408,train,22
410,train,22
411,train,22
412,train,22
413,train,22
414,train,22
415,train,22
416,train,22
417,train,22
418,train,22
419,train,22
421,train,22
422,train,22
423,train,22
424,train,22
426,train,22
428,train,22
429,train,22
430,train,22
431,train,22
432,train,22
433,train,22
434,train,22
435,train,22
436,train,22
437,train,22
438,train,22
439,train,22
441,train,22
442,train,22
443,train,22
444,train,22
445,train,22
446,train,22
447,train,22
449,train,22
451,train,22
453,train,22
454,train,22
455,train,22
456,train,22
458,train,22
460,train,22
461,train,22
462,train,22
463,train,22
464,train,22
465,train,22
466,train,22
467,train,22
468,train,22
469,train,22
470,train,22
471,train,22
472,train,22
473,train,22
474,train,22
475,train,22
476,train,22
477,train,22
478,train,22
479,train,22
480,train,22
481,train,22
482,train,22
484,train,22
485,train,22
487,train,22
488,train,22
489,train,22
490,train,22
492,train,22
494,train,22
495,train,22
496,train,22
497,train,22
500,train,22
501,train,22
502,train,22
503,train,22
505,train,22
507,train,22
509,train,22
510,train,22
511,train,22
513,train,22
514,train,22
515,train,22
516,train,22
517,train,22
518,train,22
519,train,22
520,train,22
522,train,22
523,train,22
524,train,22
526,train,22
527,train,22
528,train,22
529,train,22
530,train,22
531,train,22
532,train,22
533,train,22
534,train,22
536,train,22
537,train,22
538,train,22
539,train,22
541,train,22
543,train,22
544,train,22
545,train,22
547,train,22
549,train,22
550,train,22
551,train,22
552,train,22
553,train,22
555,train,22
556,train,22
557,train,22
559,train,22
561,train,22
562,train,22
564,train,22
565,train,22
566,train,22
567,train,22
568,train,22
570,train,22
571,train,22
572,train,22
574,train,22
576,train,22
579,train,22
581,train,22
582,train,22
583,train,22
584,train,22
585,train,22
586,train,22
587,train,22
588,train,22
589,train,22
590,train,22
591,train,22
592,train,22
593,train,22
595,train,22
596,train,22
597,train,22
598,train,22
601,train,22
603,train,22
605,train,22
606,train,22
607,train,22
608,train,22
610,train,22
612,train,22
613,train,22
614,train,22
615,train,22
616,train,22
618,train,22
619,train,22
621,train,22
623,train,22
624,train,22
626,train,22
627,train,22
628,train,22
629,train,22
630,train,22
631,train,22
632,train,22
633,train,22
636,train,22
637,train,22
638,train,22
639,train,22
640,train,22
641,train,22
642,train,22
643,train,22
644,train,22
648,train,22
650,train,22
651,train,22
652,train,22
653,train,22
654,train,22
656,train,22
657,train,22
658,train,22
659,train,22
660,train,22
662,train,22
663,train,22
664,train,22
665,train,22
666,train,22
667,train,22
668,train,22
669,train,22
670,train,22
671,train,22
672,train,22
673,train,22
674,train,22
675,train,22
677,train,22
678,train,22
680,train,22
681,train,22
682,train,22
683,train,22
684,train,22
685,train,22
686,train,22
687,train,22
688,train,22
690,train,22
691,train,22
692,train,22
693,train,22
694,train,22
697,train,22
698,train,22
699,train,22
702,train,22
704,train,22
705,train,22
706,train,22
708,train,22
709,train,22
710,train,22
711,train,22
712,train,22
713,train,22
714,train,22
715,train,22
716,train,22
717,train,22
718,train,22
719,train,22
720,train,22
722,train,22
723,train,22
724,train,22
726,train,22
727,train,22
728,train,22
729,train,22
730,train,22
732,train,22
733,train,22
734,train,22
735,train,22
736,train,22
737,train,22
738,train,22
739,train,22
740,train,22
741,train,22
743,train,22
746,train,22
747,train,22
748,train,22
749,train,22
751,train,22
752,train,22
753,train,22
754,train,22
755,train,22
756,train,22
757,train,22
758,train,22
759,train,22
762,train,22
764,train,22
765,train,22
766,train,22
767,train,22
769,train,22
771,train,22
772,train,22
773,train,22
774,train,22
775,train,22
776,train,22
777,train,22
779,train,22
781,train,22
782,train,22
783,train,22
784,train,22
785,train,22
786,train,22
787,train,22
788,train,22
789,train,22
790,train,22
792,train,22
794,train,22
795,train,22
796,train,22
798,train,22
799,train,22
801,train,22
802,train,22
803,train,22
804,train,22
805,train,22
806,train,22
808,train,22
809,train,22
810,train,22
812,train,22
813,train,22
814,train,22
815,train,22
817,train,22
818,train,22
819,train,22
820,train,22
821,train,22
822,train,22
823,train,22
824,train,22
825,train,22
826,train,22
827,train,22
828,train,22
830,train,22
833,train,22
835,train,22
836,train,22
837,train,22
838,train,22
839,train,22
840,train,22
841,train,22
842,train,22
843,train,22
845,train,22
848,train,22
849,train,22
850,train,22
851,train,22
852,train,22
854,train,22
855,train,22
856,train,22
857,train,22
859,train,22
860,train,22
861,train,22
862,train,22
863,train,22
864,train,22
865,train,22
866,train,22
868,train,22
870,train,22
871,train,22
873,train,22
875,train,22
876,train,22
877,train,22
879,train,22
880,train,22
882,train,22
883,train,22
884,train,22
886,train,22
887,train,22
888,train,22
889,train,22
890,train,22
892,train,22
893,train,22
894,train,22
895,train,22
896,train,22
897,train,22
898,train,22
899,train,22
900,train,22
903,train,22
904,train,22
906,train,22
907,train,22
908,train,22
909,train,22
910,train,22
911,train,22
912,train,22
914,train,22
915,train,22
916,train,22
917,train,22
918,train,22
919,train,22
920,train,22
921,train,22
922,train,22
923,train,22
924,train,22
925,train,22
926,train,22
927,train,22
928,train,22
929,train,22
932,train,22
933,train,22
934,train,22
936,train,22
937,train,22
938,train,22
940,train,22
941,train,22
942,train,22
943,train,22
944,train,22
945,train,22
946,train,22
947,train,22
949,train,22
950,train,22
951,train,22
953,train,22
954,train,22
955,train,22
957,train,22
958,train,22
959,train,22
960,train,22
961,train,22
962,train,22
963,train,22
964,train,22
965,train,22
966,train,22
967,train,22
968,train,22
970,train,22
972,train,22
973,train,22
974,train,22
975,train,22
976,train,22
978,train,22
979,train,22
981,train,22
982,train,22
983,train,22
984,train,22
986,train,22
987,train,22
988,train,22
990,train,22
993,train,22
994,train,22
995,train,22
996,train,22
998,train,22
999,train,22
1000,train,22
1001,train,22
1002,train,22
1003,train,22
1004,train,22
1005,train,22
1006,train,22
1007,train,22
1008,train,22
1009,train,22
1010,train,22
1011,train,22
1012,train,22
1013,train,22
1015,train,22
1016,train,22
1017,train,22
1018,train,22
1019,train,22
1020,train,22
1021,train,22
1022,train,22
1024,train,22
1025,train,22
1026,train,22
1029,train,22
1031,train,22
1035,train,22
1036,train,22
1037,train,22
1038,train,22
1039,train,22
1041,train,22
1042,train,22
1044,train,22
1045,train,22
1046,train,22
1049,train,22
1051,train,22
1052,train,22
1053,train,22
1054,train,22
1055,train,22
1056,train,22
1057,train,22
1058,train,22
1059,train,22
1060,train,22
1062,train,22
1063,train,22
1064,train,22
1065,train,22
1066,train,22
1067,train,22
1069,train,22
1070,train,22
1072,train,22
1073,train,22
1075,train,22
1076,train,22
1077,train,22
1078,train,22
1079,train,22
1080,train,22
1081,train,22
1082,train,22
1083,train,22
1084,train,22
1085,train,22
1086,train,22
1087,train,22
1089,train,22
1090,train,22
1091,train,22
1092,train,22
1094,train,22
1095,train,22
1096,train,22
1097,train,22
1098,train,22
1099,train,22
1100,train,22
1101,train,22
1102,train,22
1105,train,22
1106,train,22
1108,train,22
1109,train,22
1110,train,22
1112,train,22
1113,train,22
1114,train,22
1115,train,22
1116,train,22
1117,train,22
1118,train,22
1119,train,22
1120,train,22
1123,train,22
1124,train,22
1125,train,22
1127,train,22
1128,train,22
1129,train,22
1131,train,22
1132,train,22
1133,train,22
1135,train,22
1136,train,22
1138,train,22
1139,train,22
1140,train,22
1141,train,22
1142,train,22
1143,train,22
1144,train,22
1145,train,22
1146,train,22
1147,train,22
1149,train,22
1150,train,22
1151,train,22
1152,train,22
1153,train,22
1155,train,22
1156,train,22
1157,train,22
1158,train,22
1160,train,22
1161,train,22
1162,train,22
1163,train,22
1164,train,22
1166,train,22
1167,train,22
1168,train,22
1169,train,22
1170,train,22
1172,train,22
1175,train,22
1176,train,22
1177,train,22
1180,train,22
1182,train,22
1183,train,22
1184,train,22
1185,train,22
1186,train,22
1187,train,22
1188,train,22
1189,train,22
1191,train,22
1192,train,22
1193,train,22
1194,train,22
1196,train,22
1197,train,22
1198,train,22
1199,train,22
9,test,22
10,test,22
11,test,22
18,test,22
21,test,22
33,test,22
41,test,22
44,test,22
63,test,22
73,test,22
75,test,22
77,test,22
78,test,22
86,test,22
98,test,22
110,test,22
119,test,22
121,test,22
130,test,22
134,test,22
154,test,22
160,test,22
164,test,22
166,test,22
169,test,22
170,test,22
176,test,22
182,test,22
187,test,22
190,test,22
194,test,22
197,test,22
201,test,22
207,test,22
209,test,22
224,test,22
227,test,22
228,test,22
231,test,22
232,test,22
233,test,22
234,test,22
242,test,22
251,test,22
252,test,22
258,test,22
267,test,22
269,test,22
272,test,22
280,test,22
284,test,22
287,test,22
294,test,22
301,test,22
302,test,22
305,test,22
319,test,22
327,test,22
330,test,22
333,test,22
334,test,22
335,test,22
342,test,22
343,test,22
345,test,22
351,test,22
356,test,22
360,test,22
361,test,22
365,test,22
366,test,22
382,test,22
388,test,22
394,test,22
397,test,22
407,test,22
409,test,22
420,test,22
425,test,22
427,test,22
440,test,22
448,test,22
450,test,22
452,test,22
457,test,22
459,test,22
483,test,22
486,test,22
491,test,22
493,test,22
498,test,22
499,test,22
504,test,22
506,test,22
508,test,22
512,test,22
521,test,22
525,test,22
535,test,22
540,test,22
542,test,22
546,test,22
548,test,22
554,test,22
558,test,22
560,test,22
563,test,22
569,test,22
573,test,22
575,test,22
577,test,22
578,test,22
580,test,22
594,test,22
599,test,22
600,test,22
602,test,22
604,test,22
609,test,22
611,test,22
617,test,22
620,test,22
622,test,22
625,test,22
634,test,22
635,test,22
645,test,22
646,test,22
647,test,22
649,test,22
655,test,22
661,test,22
676,test,22
679,test,22
689,test,22
695,test,22
696,test,22
700,test,22
701,test,22
703,test,22
707,test,22
721,test,22
725,test,22
731,test,22
742,test,22
744,test,22
745,test,22
750,test,22
760,test,22
761,test,22
763,test,22
768,test,22
770,test,22
778,test,22
780,test,22
791,test,22
793,test,22
797,test,22
800,test,22
807,test,22
811,test,22
816,test,22
829,test,22
831,test,22
832,test,22
834,test,22
844,test,22
846,test,22
847,test,22
853,test,22
858,test,22
867,test,22
869,test,22
872,test,22
874,test,22
878,test,22
881,test,22
885,test,22
891,test,22
901,test,22
902,test,22
905,test,22
913,test,22
930,test,22
931,test,22
935,test,22
939,test,22
948,test,22
952,test,22
956,test,22
969,test,22
971,test,22
977,test,22
980,test,22
985,test,22
989,test,22
991,test,22
992,test,22
997,test,22
1014,test,22
1023,test,22
1027,test,22
1028,test,22
1030,test,22
1032,test,22
1033,test,22
1034,test,22
1040,test,22
1043,test,22
1047,test,22
1048,test,22
1050,test,22
1061,test,22
1068,test,22
1071,test,22
1074,test,22
1088,test,22
1093,test,22
1103,test,22
1104,test,22
1107,test,22
1111,test,22
1121,test,22
1122,test,22
1126,test,22
1130,test,22
1134,test,22
1137,test,22
1148,test,22
1154,test,22
1159,test,22
1165,test,22
1171,test,22
1173,test,22
1174,test,22
1178,test,22
1179,test,22
1181,test,22
1190,test,22
1195,test,22
0,train,33
1,train,33
2,train,33
4,train,33
5,train,33
6,train,33
7,train,33
8,train,33
10,train,33
12,train,33
13,train,33
14,train,33
15,train,33
16,train,33
18,train,33
19,train,33
20,train,33
22,train,33
23,train,33
24,train,33
25,train,33
26,train,33
28,train,33
29,train,33
30,train,33
31,train,33
32,train,33
34,train,33
35,train,33
36,train,33
38,train,33
39,train,33
41,train,33
42,train,33
43,train,33
45,train,33
46,train,33
47,train,33
48,train,33
49,train,33
51,train,33
52,train,33
53,train,33
54,train,33
55,train,33
56,train,33
57,train,33
58,train,33
59,train,33
60,train,33
61,train,33
62,train,33
64,train,33
65,train,33
66,train,33
67,train,33
68,train,33
69,train,33
70,train,33
71,train,33
72,train,33
73,train,33
74,train,33
75,train,33
76,train,33
77,train,33
78,train,33
80,train,33
81,train,33
82,train,33
83,train,33
84,train,33
85,train,33
86,train,33
87,train,33
89,train,33
90,train,33
91,train,33
92,train,33
93,train,33
94,train,33
95,train,33
97,train,33
100,train,33
101,train,33
102,train,33
103,train,33
104,train,33
105,train,33
106,train,33
109,train,33
110,train,33
111,train,33
112,train,33
113,train,33
114,train,33
115,train,33
116,train,33
117,train,33
118,train,33
120,train,33
121,train,33
122,train,33
123,train,33
124,train,33
125,train,33
126,train,33
127,train,33
128,train,33
129,train,33
132,train,33
133,train,33
134,train,33
135,train,33
136,train,33
137,train,33
138,train,33
139,train,33
140,train,33
141,train,33
142,train,33
144,train,33
145,train,33
146,train,33
147,train,33
148,train,33
149,train,33
151,train,33
152,train,33
153,train,33
155,train,33
156,train,33
158,train,33
159,train,33
161,train,33
162,train,33
163,train,33
165,train,33
166,train,33
167,train,33
168,train,33
171,train,33
172,train,33
173,train,33
174,train,33
175,train,33
177,train,33
178,train,33
179,train,33
180,train,33
181,train,33
183,train,33
184,train,33
185,train,33
186,train,33
188,train,33
189,train,33
190,train,33
191,train,33
192,train,33
193,train,33
194,train,33
195,train,33
196,train,33
198,train,33
199,train,33
200,train,33
202,train,33
203,train,33
204,train,33
205,train,33
206,train,33
210,train,33
211,train,33
212,train,33
213,train,33
214,train,33
215,train,33
216,train,33
217,train,33
218,train,33
219,train,33
220,train,33
221,train,33
222,train,33
223,train,33
226,train,33
229,train,33
230,train,33
232,train,33
234,train,33
235,train,33
236,train,33
238,train,33
239,train,33
240,train,33
241,train,33
243,train,33
244,train,33
245,train,33
247,train,33
248,train,33
249,train,33
250,train,33
251,train,33
253,train,33
254,train,33
255,train,33
256,train,33
257,train,33
258,train,33
259,train,33
260,train,33
261,train,33
262,train,33
263,train,33
264,train,33
265,train,33
266,train,33
267,train,33
268,train,33
270,train,33
271,train,33
272,train,33
273,train,33
274,train,33
275,train,33
276,train,33
277,train,33
278,train,33
279,train,33
280,train,33
281,train,33
282,train,33
283,train,33
284,train,33
285,train,33
286,train,33
288,train,33
289,train,33
290,train,33
291,train,33
292,train,33
293,train,33
295,train,33
296,train,33
297,train,33
298,train,33
299,train,33
303,train,33
304,train,33
306,train,33
307,train,33
308,train,33
309,train,33
312,train,33
313,train,33
315,train,33
316,train,33
317,train,33
318,train,33
319,train,33
320,train,33
321,train,33
322,train,33
323,train,33
324,train,33
325,train,33
326,train,33
327,train,33
329,train,33
331,train,33
332,train,33
334,train,33
335,train,33
336,train,33
338,train,33
339,train,33
340,train,33
341,train,33
343,train,33
344,train,33
345,train,33
346,train,33
347,train,33
348,train,33
349,train,33
350,train,33
351,train,33
352,train,33
353,train,33
354,train,33
355,train,33
357,train,33
358,train,33
359,train,33
362,train,33
363,train,33
364,train,33
366,train,33
367,train,33
368,train,33
369,train,33
371,train,33
372,train,33
373,train,33
374,train,33
375,train,33
376,train,33
377,train,33
378,train,33
379,train,33
380,train,33
381,train,33
383,train,33
384,train,33
385,train,33
386,train,33
387,train,33
389,train,33
390,train,33
391,train,33
392,train,33
393,train,33
394,train,33
395,train,33
396,train,33
397,train,33
398,train,33
399,train,33
400,train,33
401,train,33
402,train,33
403,train,33
404,train,33
405,train,33
406,train,33
408,train,33
410,train,33
411,train,33
412,train,33
413,train,33
414,train,33
415,train,33
416,train,33
417,train,33
419,train,33
421,train,33
422,train,33
424,train,33
426,train,33
427,train,33
428,train,33
430,train,33
431,train,33
432,train,33
433,train,33
434,train,33
435,train,33
436,train,33
437,train,33
438,train,33
439,train,33
440,train,33
441,train,33
442,train,33
443,train,33
444,train,33
445,train,33
446,train,33
447,train,33
449,train,33
453,train,33
454,train,33
455,train,33
458,train,33
460,train,33
461,train,33
462,train,33
463,train,33
464,train,33
465,train,33
466,train,33
467,train,33
468,train,33
469,train,33
470,train,33
471,train,33
472,train,33
473,train,33
474,train,33
476,train,33
477,train,33
478,train,33
479,train,33
480,train,33
481,train,33
484,train,33
485,train,33
486,train,33
487,train,33
488,train,33
489,train,33
490,train,33
494,train,33
495,train,33
496,train,33
497,train,33
498,train,33
499,train,33
500,train,33
501,train,33
502,train,33
503,train,33
505,train,33
506,train,33
507,train,33
509,train,33
510,train,33
511,train,33
513,train,33
514,train,33
516,train,33
517,train,33
518,train,33
519,train,33
520,train,33
522,train,33
523,train,33
524,train,33
526,train,33
527,train,33
528,train,33
530,train,33
531,train,33
532,train,33
533,train,33
534,train,33
536,train,33
537,train,33
538,train,33
539,train,33
540,train,33
541,train,33
543,train,33
544,train,33
545,train,33
546,train,33
550,train,33
551,train,33
552,train,33
553,train,33
554,train,33
555,train,33
556,train,33
557,train,33
559,train,33
561,train,33
562,train,33
564,train,33
565,train,33
566,train,33
567,train,33
568,train,33
570,train,33
571,train,33
572,train,33
574,train,33
576,train,33
578,train,33
579,train,33
581,train,33
582,train,33
583,train,33
584,train,33
585,train,33
586,train,33
587,train,33
589,train,33
590,train,33
591,train,33
592,train,33
593,train,33
595,train,33
597,train,33
598,train,33
601,train,33
603,train,33
604,train,33
605,train,33
606,train,33
607,train,33
608,train,33
610,train,33
612,train,33
613,train,33
614,train,33
616,train,33
618,train,33
619,train,33
621,train,33
623,train,33
624,train,33
625,train,33
626,train,33
627,train,33
628,train,33
629,train,33
630,train,33
631,train,33
632,train,33
633,train,33
636,train,33
637,train,33
638,train,33
639,train,33
640,train,33
641,train,33
642,train,33
643,train,33
644,train,33
648,train,33
649,train,33
650,train,33
651,train,33
652,train,33
653,train,33
654,train,33
656,train,33
657,train,33
658,train,33
659,train,33
660,train,33
662,train,33
663,train,33
664,train,33
665,train,33
666,train,33
667,train,33
668,train,33
669,train,33
670,train,33
672,train,33
673,train,33
675,train,33
676,train,33
677,train,33
679,train,33
680,train,33
681,train,33
682,train,33
683,train,33
684,train,33
685,train,33
686,train,33
687,train,33
690,train,33
691,train,33
692,train,33
693,train,33
694,train,33
695,train,33
697,train,33
698,train,33
699,train,33
701,train,33
702,train,33
703,train,33
704,train,33
705,train,33
706,train,33
708,train,33
709,train,33
710,train,33
711,train,33
712,train,33
713,train,33
714,train,33
715,train,33
716,train,33
717,train,33
718,train,33
719,train,33
720,train,33
721,train,33
722,train,33
723,train,33
724,train,33
725,train,33
726,train,33
727,train,33
728,train,33
729,train,33
732,train,33
733,train,33
734,train,33
737,train,33
738,train,33
739,train,33
741,train,33
743,train,33
744,train,33
746,train,33
747,train,33
748,train,33
750,train,33
751,train,33
752,train,33
753,train,33
754,train,33
756,train,33
757,train,33
759,train,33
762,train,33
763,train,33
764,train,33
765,train,33
766,train,33
767,train,33
768,train,33
769,train,33
770,train,33
771,train,33
772,train,33
773,train,33
774,train,33
775,train,33
776,train,33
777,train,33
779,train,33
782,train,33
783,train,33
785,train,33
786,train,33
787,train,33
789,train,33
790,train,33
793,train,33
794,train,33
795,train,33
796,train,33
797,train,33
798,train,33
799,train,33
801,train,33
804,train,33
805,train,33
806,train,33
807,train,33
808,train,33
809,train,33
810,train,33
811,train,33
812,train,33
813,train,33
814,train,33
815,train,33
817,train,33
818,train,33
819,train,33
821,train,33
822,train,33
823,train,33
824,train,33
825,train,33
827,train,33
828,train,33
832,train,33
835,train,33
836,train,33
837,train,33
838,train,33
839,train,33
840,train,33
843,train,33
844,train,33
845,train,33
848,train,33
849,train,33
850,train,33
851,train,33
852,train,33
853,train,33
854,train,33
855,train,33
856,train,33
857,train,33
859,train,33
860,train,33
861,train,33
862,train,33
863,train,33
864,train,33
865,train,33
866,train,33
868,train,33
870,train,33
871,train,33
872,train,33
873,train,33
875,train,33
876,train,33
877,train,33
879,train,33
880,train,33
882,train,33
883,train,33
884,train,33
885,train,33
886,train,33
887,train,33
888,train,33
889,train,33
890,train,33
892,train,33
893,train,33
894,train,33
895,train,33
897,train,33
898,train,33
899,train,33
900,train,33
901,train,33
902,train,33
903,train,33
904,train,33
905,train,33
906,train,33
907,train,33
908,train,33
909,train,33
910,train,33
911,train,33
912,train,33
913,train,33
914,train,33
915,train,33
916,train,33
917,train,33
918,train,33
920,train,33
922,train,33
923,train,33
924,train,33
925,train,33
926,train,33
927,train,33
928,train,33
929,train,33
932,train,33
933,train,33
934,train,33
936,train,33
937,train,33
938,train,33
940,train,33
941,train,33
942,train,33
943,train,33
944,train,33
945,train,33
946,train,33
947,train,33
949,train,33
950,train,33
951,train,33
953,train,33
954,train,33
955,train,33
956,train,33
957,train,33
958,train,33
959,train,33
960,train,33
961,train,33
964,train,33
965,train,33
966,train,33
967,train,33
968,train,33
970,train,33
972,train,33
973,train,33
974,train,33
975,train,33
976,train,33
978,train,33
979,train,33
981,train,33
982,train,33
983,train,33
986,train,33
987,train,33
988,train,33
990,train,33
992,train,33
993,train,33
994,train,33
995,train,33
996,train,33
997,train,33
998,train,33
999,train,33
1000,train,33
1001,train,33
1002,train,33
1003,train,33
1004,train,33
1005,train,33
1006,train,33
1007,train,33
1008,train,33
1009,train,33
1010,train,33
1011,train,33
1013,train,33
1015,train,33
1016,train,33
1017,train,33
1019,train,33
1020,train,33
1021,train,33
1022,train,33
1023,train,33
1024,train,33
1025,train,33
1026,train,33
1028,train,33
1031,train,33
1034,train,33
1035,train,33
1036,train,33
1038,train,33
1041,train,33
1042,train,33
1044,train,33
1045,train,33
1046,train,33
1048,train,33
1049,train,33
1050,train,33
1051,train,33
1053,train,33
1054,train,33
1055,train,33
1056,train,33
1057,train,33
1058,train,33
1059,train,33
1060,train,33
1061,train,33
1062,train,33
1063,train,33
1065,train,33
1066,train,33
1067,train,33
1069,train,33
1070,train,33
1072,train,33
1074,train,33
1075,train,33
1076,train,33
1077,train,33
1078,train,33
1079,train,33
1080,train,33
1082,train,33
1085,train,33
1086,train,33
1087,train,33
1089,train,33
1090,train,33
1091,train,33
1092,train,33
1093,train,33
1094,train,33
1095,train,33
1096,train,33
1097,train,33
1098,train,33
1099,train,33
1100,train,33
1101,train,33
1102,train,33
1103,train,33
1104,train,33
1105,train,33
1106,train,33
1107,train,33
1108,train,33
1109,train,33
1110,train,33
1112,train,33
1113,train,33
1115,train,33
1116,train,33
1117,train,33
1118,train,33
1119,train,33
1123,train,33
1124,train,33
1125,train,33
1127,train,33
1128,train,33
1129,train,33
1131,train,33
1133,train,33
1134,train,33
1135,train,33
1136,train,33
1137,train,33
1138,train,33
1139,train,33
1140,train,33
1141,train,33
1143,train,33
1144,train,33
1145,train,33
1146,train,33
1149,train,33
1150,train,33
1151,train,33
1152,train,33
1153,train,33
1155,train,33
1156,train,33
1157,train,33
1158,train,33
1160,train,33
1162,train,33
1163,train,33
1164,train,33
1167,train,33
1168,train,33
1169,train,33
1170,train,33
1171,train,33
1172,train,33
1173,train,33
1175,train,33
1176,train,33
1177,train,33
1179,train,33
1180,train,33
1182,train,33
1183,train,33
1184,train,33
1185,train,33
1186,train,33
1187,train,33
1188,train,33
1189,train,33
1191,train,33
1192,train,33
1193,train,33
1194,train,33
1196,train,33
1197,train,33
1198,train,33
1199,train,33
3,test,33
9,test,33
11,test,33
17,test,33
21,test,33
27,test,33
33,test,33
37,test,33
40,test,33
44,test,33
50,test,33
63,test,33
79,test,33
88,test,33
96,test,33
98,test,33
99,test,33
107,test,33
108,test,33
119,test,33
130,test,33
131,test,33
143,test,33
150,test,33
154,test,33
157,test,33
160,test,33
164,test,33
169,test,33
170,test,33
176,test,33
182,test,33
187,test,33
197,test,33
201,test,33
207,test,33
208,test,33
209,test,33
224,test,33
225,test,33
227,test,33
228,test,33
231,test,33
233,test,33
237,test,33
242,test,33
246,test,33
252,test,33
269,test,33
287,test,33
294,test,33
300,test,33
301,test,33
302,test,33
305,test,33
310,test,33
311,test,33
314,test,33
328,test,33
330,test,33
333,test,33
337,test,33
342,test,33
356,test,33
360,test,33
361,test,33
365,test,33
370,test,33
382,test,33
388,test,33
407,test,33
409,test,33
418,test,33
420,test,33
423,test,33
425,test,33
429,test,33
448,test,33
450,test,33
451,test,33
452,test,33
456,test,33
457,test,33
459,test,33
475,test,33
482,test,33
483,test,33
491,test,33
492,test,33
493,test,33
504,test,33
508,test,33
512,test,33
515,test,33
521,test,33
525,test,33
529,test,33
535,test,33
542,test,33
547,test,33
548,test,33
549,test,33
558,test,33
560,test,33
563,test,33
569,test,33
573,test,33
575,test,33
577,test,33
580,test,33
588,test,33
594,test,33
596,test,33
599,test,33
600,test,33
602,test,33
609,test,33
611,test,33
615,test,33
617,test,33
620,test,33
622,test,33
634,test,33
635,test,33
645,test,33
646,test,33
647,test,33
655,test,33
661,test,33
671,test,33
674,test,33
678,test,33
688,test,33
689,test,33
696,test,33
700,test,33
707,test,33
730,test,33
731,test,33
735,test,33
736,test,33
740,test,33
742,test,33
745,test,33
749,test,33
755,test,33
758,test,33
760,test,33
761,test,33
778,test,33
780,test,33
781,test,33
784,test,33
788,test,33
791,test,33
792,test,33
800,test,33
802,test,33
803,test,33
816,test,33
820,test,33
826,test,33
829,test,33
830,test,33
831,test,33
833,test,33
834,test,33
841,test,33
842,test,33
846,test,33
847,test,33
858,test,33
867,test,33
869,test,33
874,test,33
878,test,33
881,test,33
891,test,33
896,test,33
919,test,33
921,test,33
930,test,33
931,test,33
935,test,33
939,test,33
948,test,33
952,test,33
962,test,33
963,test,33
969,test,33
971,test,33
977,test,33
980,test,33
984,test,33
985,test,33
989,test,33
991,test,33
1012,test,33
1014,test,33
1018,test,33
1027,test,33
1029,test,33
1030,test,33
1032,test,33
1033,test,33
1037,test,33
1039,test,33
1040,test,33
1043,test,33
1047,test,33
1052,test,33
1064,test,33
1068,test,33
1071,test,33
1073,test,33
1081,test,33
1083,test,33
1084,test,33
1088,test,33
1111,test,33
1114,test,33
1120,test,33
1121,test,33
1122,test,33
1126,test,33
1130,test,33
1132,test,33
1142,test,33
1147,test,33
1148,test,33
1154,test,33
1159,test,33
1161,test,33
1165,test,33
1166,test,33
1174,test,33
1178,test,33
1181,test,33
1190,test,33
1195,test,33
