algebra,dimension,bundle_size,noise_std,dtype,seed,candidate_count,query_count,top1,mrr,mean_rank,cosine_margin,latency_ms,bytes_memory,bytes_atomics
real_hrr,128,4,0.0,float32,11,512,32,1.0,1.0,1.0,0.14951854944229126,0.7932290027383715,512,264192
real_hrr,128,4,0.0,float32,22,512,32,1.0,1.0,1.0,0.18596509099006653,0.25057399761863053,512,264192
real_hrr,128,4,0.1,float32,11,512,32,1.0,1.0,1.0,0.1494276225566864,0.2525669988244772,512,264192
real_hrr,128,4,0.1,float32,22,512,32,1.0,1.0,1.0,0.18339763581752777,0.24020401178859174,512,264192
real_hrr,128,16,0.0,float32,11,512,32,0.625,0.6750006675720215,10.375,-0.0024153869599103928,0.13888199464417994,512,270336
real_hrr,128,16,0.0,float32,22,512,32,0.4375,0.5141024589538574,13.75,-0.027982255443930626,0.13694900553673506,512,270336
real_hrr,128,16,0.1,float32,11,512,32,0.65625,0.7050522565841675,10.125,0.0012649712152779102,0.18143298802897334,512,270336
real_hrr,128,16,0.1,float32,22,512,32,0.46875,0.5257968306541443,13.15625,-0.02818361483514309,0.17882799147628248,512,270336
real_hrr,128,64,0.0,float32,11,512,32,0.0,0.07271318137645721,58.0,-0.1400294303894043,0.1434010046068579,512,294912
real_hrr,128,64,0.0,float32,22,512,32,0.03125,0.10262294858694077,66.15625,-0.13776275515556335,0.1393429993186146,512,294912
real_hrr,128,64,0.1,float32,11,512,32,0.0,0.06590546667575836,58.53125,-0.14141803979873657,0.18142201588489115,512,294912
real_hrr,128,64,0.1,float32,22,512,32,0.03125,0.11054608970880508,65.53125,-0.1338076889514923,0.1997270155698061,512,294912
real_hrr,512,4,0.0,float32,11,512,32,1.0,1.0,1.0,0.3014880120754242,0.21993601694703102,2048,1056768
real_hrr,512,4,0.0,float32,22,512,32,1.0,1.0,1.0,0.32315391302108765,0.2183130127377808,2048,1056768
real_hrr,512,4,0.1,float32,11,512,32,1.0,1.0,1.0,0.2990295886993408,0.3078320005442947,2048,1056768
real_hrr,512,4,0.1,float32,22,512,32,1.0,1.0,1.0,0.3214452266693115,0.30057798721827567,2048,1056768
real_hrr,512,16,0.0,float32,11,512,32,1.0,1.0,1.0,0.09531651437282562,0.16628499724902213,2048,1081344
real_hrr,512,16,0.0,float32,22,512,32,1.0,1.0,1.0,0.1030469536781311,0.16677501844242215,2048,1081344
real_hrr,512,16,0.1,float32,11,512,32,1.0,1.0,1.0,0.0939401239156723,0.2585390175227076,2048,1081344
real_hrr,512,16,0.1,float32,22,512,32,1.0,1.0,1.0,0.10206729918718338,0.25007198564708233,2048,1081344
real_hrr,512,64,0.0,float32,11,512,32,0.40625,0.5360463857650757,8.0625,-0.01227661408483982,0.18445798195898533,2048,1179648
real_hrr,512,64,0.0,float32,22,512,32,0.46875,0.5712116956710815,8.40625,-0.011545526795089245,0.18329598242416978,2048,1179648
real_hrr,512,64,0.1,float32,11,512,32,0.34375,0.5010201334953308,7.5625,-0.01278683915734291,0.2802599919959903,2048,1179648
real_hrr,512,64,0.1,float32,22,512,32,0.4375,0.553909182548523,9.0,-0.012154901400208473,0.264318980043754,2048,1179648
unitary_hrr,128,4,0.0,float32,11,512,32,1.0,1.0,1.0,0.1360623985528946,0.20707101793959737,512,264192
unitary_hrr,128,4,0.0,float32,22,512,32,1.0,1.0,1.0,0.25230124592781067,0.1807509979698807,512,264192
unitary_hrr,128,4,0.1,float32,11,512,32,1.0,1.0,1.0,0.13681857287883759,0.22265099687501788,512,264192
unitary_hrr,128,4,0.1,float32,22,512,32,1.0,1.0,1.0,0.2482285499572754,0.23306001094169915,512,264192
unitary_hrr,128,16,0.0,float32,11,512,32,0.625,0.7153409123420715,3.9375,0.015740983188152313,0.1301360025536269,512,270336
unitary_hrr,128,16,0.0,float32,22,512,32,0.375,0.4788650572299957,12.3125,-0.0224473737180233,0.12832300853915513,512,270336
unitary_hrr,128,16,0.1,float32,11,512,32,0.65625,0.7360974550247192,3.78125,0.017915068194270134,0.16902899369597435,512,270336
unitary_hrr,128,16,0.1,float32,22,512,32,0.4375,0.5075900554656982,12.15625,-0.021602671593427658,0.16729597700759768,512,270336
unitary_hrr,128,64,0.0,float32,11,512,32,0.0,0.09054076671600342,79.21875,-0.14519603550434113,0.13254000805318356,512,294912
unitary_hrr,128,64,0.0,float32,22,512,32,0.03125,0.1156252771615982,82.09375,-0.14596614241600037,0.13301099534146488,512,294912
unitary_hrr,128,64,0.1,float32,11,512,32,0.0,0.099363774061203,82.75,-0.14522187411785126,0.17457999638281763,512,294912
unitary_hrr,128,64,0.1,float32,22,512,32,0.0625,0.1314678192138672,81.125,-0.14515601098537445,0.17559097614139318,512,294912
unitary_hrr,512,4,0.0,float32,11,512,32,1.0,1.0,1.0,0.3303982615470886,0.20088901510462165,2048,1056768
unitary_hrr,512,4,0.0,float32,22,512,32,1.0,1.0,1.0,0.33739349246025085,0.20811401191167533,2048,1056768
unitary_hrr,512,4,0.1,float32,11,512,32,1.0,1.0,1.0,0.3284120559692383,0.30066800536587834,2048,1056768
unitary_hrr,512,4,0.1,float32,22,512,32,1.0,1.0,1.0,0.33549925684928894,0.2821529924403876,2048,1056768
unitary_hrr,512,16,0.0,float32,11,512,32,0.9375,0.953125,1.1875,0.10201586037874222,0.15408199396915734,2048,1081344
unitary_hrr,512,16,0.0,float32,22,512,32,1.0,1.0,1.0,0.11977187544107437,0.16974000027403235,2048,1081344
unitary_hrr,512,16,0.1,float32,11,512,32,0.9375,0.9557291865348816,1.15625,0.10089518129825592,0.24050401407293975,2048,1081344
unitary_hrr,512,16,0.1,float32,22,512,32,1.0,1.0,1.0,0.11768637597560883,0.30034699011594057,2048,1081344
unitary_hrr,512,64,0.0,float32,11,512,32,0.34375,0.4663272798061371,14.0625,-0.015257279388606548,0.16834799316711724,2048,1179648
unitary_hrr,512,64,0.0,float32,22,512,32,0.34375,0.5383126139640808,7.3125,-0.012315643951296806,0.16938999760895967,2048,1179648
unitary_hrr,512,64,0.1,float32,11,512,32,0.375,0.47887730598449707,13.3125,-0.015121971257030964,0.25111399008892477,2048,1179648
unitary_hrr,512,64,0.1,float32,22,512,32,0.34375,0.524441659450531,6.84375,-0.0126109654083848,0.2493310021236539,2048,1179648
map,128,4,0.0,float32,11,512,32,1.0,1.0,1.0,0.20830471813678741,0.05548499757423997,512,264192
map,128,4,0.0,float32,22,512,32,1.0,1.0,1.0,0.2135632485151291,0.05205799243412912,512,264192
map,128,4,0.1,float32,11,512,32,1.0,1.0,1.0,0.20614582300186157,0.09616199531592429,512,264192
map,128,4,0.1,float32,22,512,32,1.0,1.0,1.0,0.2118583619594574,0.0876059930305928,512,264192
map,128,16,0.0,float32,11,512,32,0.4375,0.5559569597244263,10.625,-0.025917451828718185,0.050816015573218465,512,270336
map,128,16,0.0,float32,22,512,32,0.5,0.5862681865692139,16.25,-0.02283526211977005,0.05087599856778979,512,270336
map,128,16,0.1,float32,11,512,32,0.4375,0.5608466267585754,10.84375,-0.0225101076066494,0.08745500235818326,512,270336
map,128,16,0.1,float32,22,512,32,0.46875,0.5705143213272095,17.3125,-0.023342540487647057,0.08657400030642748,512,270336
map,128,64,0.0,float32,11,512,32,0.0,0.04776471108198166,98.21875,-0.16608719527721405,0.06668598507530987,512,294912
map,128,64,0.0,float32,22,512,32,0.125,0.16966573894023895,93.125,-0.14346712827682495,0.053180992836132646,512,294912
map,128,64,0.1,float32,11,512,32,0.0,0.05981062725186348,99.09375,-0.16641302406787872,0.0895600242074579,512,294912
map,128,64,0.1,float32,22,512,32,0.15625,0.1845831573009491,92.71875,-0.14414966106414795,0.08935897494666278,512,294912
map,512,4,0.0,float32,11,512,32,1.0,1.0,1.0,0.35672008991241455,0.05358102498576045,2048,1056768
map,512,4,0.0,float32,22,512,32,1.0,1.0,1.0,0.38008812069892883,0.05451298784464598,2048,1056768
map,512,4,0.1,float32,11,512,32,1.0,1.0,1.0,0.35377341508865356,0.13327199849300086,2048,1056768
map,512,4,0.1,float32,22,512,32,1.0,1.0,1.0,0.37562084197998047,0.14056600048206747,2048,1056768
map,512,16,0.0,float32,11,512,32,1.0,1.0,1.0,0.12076787650585175,0.057748984545469284,2048,1081344
map,512,16,0.0,float32,22,512,32,1.0,1.0,1.0,0.12069376558065414,0.056948018027469516,2048,1081344
map,512,16,0.1,float32,11,512,32,1.0,1.0,1.0,0.11887428909540176,0.13479398330673575,2048,1081344
map,512,16,0.1,float32,22,512,32,1.0,1.0,1.0,0.11887048929929733,0.13431301340460777,2048,1081344
map,512,64,0.0,float32,11,512,32,0.46875,0.6020476818084717,6.46875,-0.0025775860995054245,0.06470197695307434,2048,1179648
map,512,64,0.0,float32,22,512,32,0.46875,0.6031942963600159,7.4375,-0.003109136363491416,0.06415101233869791,2048,1179648
map,512,64,0.1,float32,11,512,32,0.5,0.6188005805015564,7.0,-0.0021481700241565704,0.17101297271437943,2048,1179648
map,512,64,0.1,float32,22,512,32,0.46875,0.5872129797935486,7.6875,-0.0048059457913041115,0.1429499825462699,2048,1179648
