discarded_edges,discarded_fraction,edges,seed,split_mode,test_edges,test_fraction,train_edges,train_fraction,validation_edges,validation_fraction
281,0.5017857142857143,560,11,node_disjoint,109,0.19464285714285715,170,0.30357142857142855,0,0.0
255,0.45535714285714285,560,11,token_disjoint,125,0.22321428571428573,180,0.32142857142857145,0,0.0
0,0.0,560,11,edge_disjoint,112,0.2,448,0.8,0,0.0
278,0.49642857142857144,560,11,edge_disjoint_size_matched,112,0.2,170,0.30357142857142855,0,0.0
276,0.4928571428571429,560,22,node_disjoint,112,0.2,172,0.30714285714285716,0,0.0
246,0.4392857142857143,560,22,token_disjoint,127,0.22678571428571428,187,0.3339285714285714,0,0.0
0,0.0,560,22,edge_disjoint,112,0.2,448,0.8,0,0.0
276,0.4928571428571429,560,22,edge_disjoint_size_matched,112,0.2,172,0.30714285714285716,0,0.0
284,0.5071428571428571,560,33,node_disjoint,113,0.2017857142857143,163,0.2910714285714286,0,0.0
274,0.48928571428571427,560,33,token_disjoint,108,0.19285714285714287,178,0.31785714285714284,0,0.0
0,0.0,560,33,edge_disjoint,112,0.2,448,0.8,0,0.0
285,0.5089285714285714,560,33,edge_disjoint_size_matched,112,0.2,163,0.2910714285714286,0,0.0
