cosine,distribution_mrr,distribution_recall_at_10,final_loss,initial_loss,mean_abs_hrr_coefficient,mean_hrr_correction_norm,mean_log_basis_scale_abs,mean_offset_norm,mean_positive_targets,method,mse,n,parameters,relation,relation_accuracy,seed,split_mode,target_candidates,target_mrr,target_recall_at_10,track
0.07301328331232071,0.23356401920318604,0.6190476417541504,3.605921983718872,8.844788551330566,,,,,1.0,offset,0.002414027927443385,63,1536,all,0.8571429252624512,17,node_disjoint,49,0.23356401920318604,0.6190476417541504,contextual_centered
0.04957860708236694,0.24407042562961578,0.6000000238418579,3.605921983718872,8.844788551330566,,,,,1.0,offset,0.002475055865943432,30,1536,hypernym,0.8571429252624512,17,node_disjoint,49,0.23461300134658813,0.5666666626930237,contextual_centered
0.09431754052639008,0.24191133677959442,0.7272727489471436,3.605921983718872,8.844788551330566,,,,,1.0,offset,0.002358547877520323,33,1536,instance_hypernym,0.8571429252624512,17,node_disjoint,49,0.23261041939258575,0.6666666865348816,contextual_centered
0.03522326797246933,0.1528816819190979,0.3492063581943512,2.249743700027466,4.399598121643066,,,,,1.0,hrr,0.0025124396197497845,63,1536,all,0.7777778506278992,17,node_disjoint,49,0.1528816819190979,0.3492063581943512,contextual_centered
0.04116241633892059,0.2637987434864044,0.5666666626930237,2.249743700027466,4.399598121643066,,,,,1.0,hrr,0.0024969729129225016,30,1536,hypernym,0.7777778506278992,17,node_disjoint,49,0.1798512041568756,0.5,contextual_centered
0.029824044555425644,0.22172324359416962,0.6363636255264282,2.249743700027466,4.399598121643066,,,,,1.0,hrr,0.0025264997966587543,33,1536,instance_hypernym,0.7777778506278992,17,node_disjoint,49,0.12836392223834991,0.21212121844291687,contextual_centered
0.09738732129335403,0.23310521245002747,0.5555555820465088,3.766017436981201,8.844788551330566,0.14120084047317505,0.14120084047317505,0.32650214433670044,4.255293369293213,1.0,basis_offset_residual_hrr,0.002350553870201111,63,3842,all,0.8571429252624512,17,node_disjoint,49,0.23310521245002747,0.5555555820465088,contextual_centered
0.06839665025472641,0.2546386122703552,0.5333333611488342,3.766017436981201,8.844788551330566,0.14120084047317505,0.14120084047317505,0.32650214433670044,4.255293369293213,1.0,basis_offset_residual_hrr,0.0024260503705590963,30,3842,hypernym,0.8571429252624512,17,node_disjoint,49,0.24246907234191895,0.5333333611488342,contextual_centered
0.1237424910068512,0.23962950706481934,0.6969696879386902,3.766017436981201,8.844788551330566,0.14120084047317505,0.14120084047317505,0.32650214433670044,4.255293369293213,1.0,basis_offset_residual_hrr,0.0022819205187261105,33,3842,instance_hypernym,0.8571429252624512,17,node_disjoint,49,0.22459258139133453,0.5757575631141663,contextual_centered
0.09889093041419983,0.23933759331703186,0.5873016119003296,3.7041590213775635,8.844788551330566,0.13706672191619873,0.13706672191619873,0.3260538876056671,4.058664321899414,1.0,basis_offset_diagonal_control,0.00234663812443614,63,3842,all,0.8253968954086304,17,node_disjoint,49,0.23933759331703186,0.5873016119003296,contextual_centered
0.07137200236320496,0.2639181315898895,0.5333333611488342,3.7041590213775635,8.844788551330566,0.13706672191619873,0.13706672191619873,0.3260538876056671,4.058664321899414,1.0,basis_offset_diagonal_control,0.002418302232399583,30,3842,hypernym,0.8253968954086304,17,node_disjoint,49,0.2509262263774872,0.5333333611488342,contextual_centered
0.1239081472158432,0.24380293488502502,0.7272727489471436,3.7041590213775635,8.844788551330566,0.13706672191619873,0.13706672191619873,0.3260538876056671,4.058664321899414,1.0,basis_offset_diagonal_control,0.00228148908354342,33,3842,instance_hypernym,0.8253968954086304,17,node_disjoint,49,0.2288023829460144,0.6363636255264282,contextual_centered
0.011400825344026089,0.11949805170297623,0.2380952388048172,3.9906392097473145,8.844788551330566,0.141169935464859,0.141169935464859,0.3433381915092468,4.406785011291504,1.0,shuffled_basis_offset_residual_hrr,0.0025744768790900707,63,3842,all,0.2539682686328888,17,node_disjoint,49,0.11949805170297623,0.2380952388048172,contextual_centered
-0.0008927260641939938,0.254646360874176,0.4000000059604645,3.9906392097473145,8.844788551330566,0.141169935464859,0.141169935464859,0.3433381915092468,4.406785011291504,1.0,shuffled_basis_offset_residual_hrr,0.002606491558253765,30,3842,hypernym,0.2539682686328888,17,node_disjoint,49,0.13933144509792328,0.20000000298023224,contextual_centered
0.02257677912712097,0.2934894561767578,0.6666666865348816,3.9906392097473145,8.844788551330566,0.141169935464859,0.141169935464859,0.3433381915092468,4.406785011291504,1.0,shuffled_basis_offset_residual_hrr,0.002545373048633337,33,3842,instance_hypernym,0.2539682686328888,17,node_disjoint,49,0.10146766901016235,0.27272728085517883,contextual_centered
0.013395833782851696,0.12464296072721481,0.2698412835597992,3.9453961849212646,8.844788551330566,0.13704751431941986,0.13704751431941986,0.33838602900505066,4.219322681427002,1.0,shuffled_basis_offset_diagonal_control,0.0025692819617688656,63,3842,all,0.2698412835597992,17,node_disjoint,49,0.12464296072721481,0.2698412835597992,contextual_centered
0.002049635862931609,0.2675856649875641,0.4000000059604645,3.9453961849212646,8.844788551330566,0.13704751431941986,0.13704751431941986,0.33838602900505066,4.219322681427002,1.0,shuffled_basis_offset_diagonal_control,0.0025988291017711163,30,3842,hypernym,0.2698412835597992,17,node_disjoint,49,0.14299611747264862,0.2666666805744171,contextual_centered
0.02371055819094181,0.30184850096702576,0.6666666865348816,3.9453961849212646,8.844788551330566,0.13704751431941986,0.13704751431941986,0.33838602900505066,4.219322681427002,1.0,shuffled_basis_offset_diagonal_control,0.002542420057579875,33,3842,instance_hypernym,0.2698412835597992,17,node_disjoint,49,0.10795827955007553,0.27272728085517883,contextual_centered
0.0905526876449585,0.20914174616336823,0.5263158082962036,3.666865348815918,8.214456558227539,,,,,1.0350877046585083,offset,0.002368352608755231,57,1536,all,0.9122806787490845,37,node_disjoint,49,0.20848384499549866,0.5087719559669495,contextual_centered
0.10061760991811752,0.25481802225112915,0.5,3.666865348815918,8.214456558227539,,,,,1.0,offset,0.0023421416990458965,28,1536,hypernym,0.9122806787490845,37,node_disjoint,49,0.2508865296840668,0.5,contextual_centered
0.08083485066890717,0.1729651838541031,0.5862069129943848,3.666865348815918,8.214456558227539,,,,,1.0689655542373657,offset,0.0023936594370752573,29,1536,instance_hypernym,0.9122806787490845,37,node_disjoint,49,0.16754330694675446,0.517241358757019,contextual_centered
0.046965356916189194,0.22206008434295654,0.45614033937454224,2.5273778438568115,4.423344612121582,,,,,1.0350877046585083,hrr,0.002481861039996147,57,1536,all,0.719298243522644,37,node_disjoint,49,0.21621212363243103,0.45614033937454224,contextual_centered
0.05783740058541298,0.30424314737319946,0.5714285969734192,2.5273778438568115,4.423344612121582,,,,,1.0,hrr,0.002453548600897193,28,1536,hypernym,0.719298243522644,37,node_disjoint,49,0.2328961044549942,0.4285714328289032,contextual_centered
0.036468204110860825,0.26219886541366577,0.6206896305084229,2.5273778438568115,4.423344612121582,,,,,1.0689655542373657,hrr,0.002509197685867548,29,1536,instance_hypernym,0.719298243522644,37,node_disjoint,49,0.20010346174240112,0.48275861144065857,contextual_centered
0.12623606622219086,0.21259374916553497,0.5263158082962036,3.7641804218292236,8.214456558227539,0.1411944329738617,0.1411944180727005,0.2753237187862396,3.6312263011932373,1.0350877046585083,basis_offset_residual_hrr,0.0022754271049052477,57,3842,all,0.859649121761322,37,node_disjoint,49,0.21156777441501617,0.5087719559669495,contextual_centered
0.12708602845668793,0.262467622756958,0.5,3.7641804218292236,8.214456558227539,0.1411944329738617,0.1411944180727005,0.2753237187862396,3.6312263011932373,1.0,basis_offset_residual_hrr,0.0022732135839760303,28,3842,hypernym,0.859649121761322,37,node_disjoint,49,0.2566942274570465,0.4642857015132904,contextual_centered
0.12541542947292328,0.17443017661571503,0.6551724076271057,3.7641804218292236,8.214456558227539,0.1411944329738617,0.1411944180727005,0.2753237187862396,3.6312263011932373,1.0689655542373657,basis_offset_residual_hrr,0.0022775642573833466,29,3842,instance_hypernym,0.859649121761322,37,node_disjoint,49,0.16799741983413696,0.5517241358757019,contextual_centered
0.13301753997802734,0.22822408378124237,0.5438596606254578,3.719322443008423,8.214456558227539,0.13469181954860687,0.13469181954860687,0.2678627669811249,3.4747262001037598,1.0350877046585083,basis_offset_diagonal_control,0.0022577669005841017,57,3842,all,0.859649121761322,37,node_disjoint,49,0.22719810903072357,0.5263158082962036,contextual_centered
0.1384245902299881,0.2689633369445801,0.5,3.719322443008423,8.214456558227539,0.13469181954860687,0.13469181954860687,0.2678627669811249,3.4747262001037598,1.0,basis_offset_diagonal_control,0.0022436860017478466,28,3842,hypernym,0.859649121761322,37,node_disjoint,49,0.26330673694610596,0.4642857015132904,contextual_centered
0.1277969777584076,0.19871459901332855,0.7241379022598267,3.719322443008423,8.214456558227539,0.13469181954860687,0.13469181954860687,0.2678627669811249,3.4747262001037598,1.0689655542373657,basis_offset_diagonal_control,0.0022713621146976948,29,3842,instance_hypernym,0.859649121761322,37,node_disjoint,49,0.1923346221446991,0.5862069129943848,contextual_centered
0.0545770488679409,0.1375400871038437,0.4035087823867798,4.096713542938232,8.214456558227539,0.14127759635448456,0.14127759635448456,0.29832470417022705,4.00971794128418,1.0350877046585083,shuffled_basis_offset_residual_hrr,0.002462039003148675,57,3842,all,0.5964912176132202,37,node_disjoint,49,0.13732509315013885,0.4035087823867798,contextual_centered
0.06526649743318558,0.26950541138648987,0.5,4.096713542938232,8.214456558227539,0.14127759635448456,0.14127759635448456,0.29832470417022705,4.00971794128418,1.0,shuffled_basis_offset_residual_hrr,0.0024342017713934183,28,3842,hypernym,0.5964912176132202,37,node_disjoint,49,0.143326535820961,0.4642857015132904,contextual_centered
0.04425618797540665,0.16381973028182983,0.4482758641242981,4.096713542938232,8.214456558227539,0.14127759635448456,0.14127759635448456,0.29832470417022705,4.00971794128418,1.0689655542373657,shuffled_basis_offset_residual_hrr,0.002488916739821434,29,3842,instance_hypernym,0.5964912176132202,37,node_disjoint,49,0.13153056800365448,0.3448275923728943,contextual_centered
0.05873067304491997,0.15299811959266663,0.4035087823867798,4.055560111999512,8.214456558227539,0.1352827548980713,0.1352827548980713,0.2928587794303894,3.835522413253784,1.0350877046585083,shuffled_basis_offset_diagonal_control,0.0024512221571058035,57,3842,all,0.5964912176132202,37,node_disjoint,49,0.1527831256389618,0.4035087823867798,contextual_centered
0.07020483911037445,0.2952658236026764,0.5357142686843872,4.055560111999512,8.214456558227539,0.1352827548980713,0.1352827548980713,0.2928587794303894,3.835522413253784,1.0,shuffled_basis_offset_diagonal_control,0.0024213416036218405,28,3842,hypernym,0.5964912176132202,37,node_disjoint,49,0.17729409039020538,0.4642857015132904,contextual_centered
0.04765217378735542,0.16378174722194672,0.517241358757019,4.055560111999512,8.214456558227539,0.1352827548980713,0.1352827548980713,0.2928587794303894,3.835522413253784,1.0689655542373657,shuffled_basis_offset_diagonal_control,0.002480072434991598,29,3842,instance_hypernym,0.5964912176132202,37,node_disjoint,49,0.12911735475063324,0.3448275923728943,contextual_centered
0.08356869220733643,0.27352502942085266,0.5901639461517334,3.562107801437378,9.120692253112793,,,,,1.0327868461608887,offset,0.0023865399416536093,61,1536,all,0.8852458596229553,59,node_disjoint,47,0.2701718211174011,0.5737704634666443,contextual_centered
0.042561840265989304,0.221718892455101,0.5185185074806213,3.562107801437378,9.120692253112793,,,,,1.0,offset,0.002493328647688031,27,1536,hypernym,0.8852458596229553,59,node_disjoint,47,0.21586132049560547,0.4444444477558136,contextual_centered
0.116132952272892,0.3245703876018524,0.7352941036224365,3.562107801437378,9.120692253112793,,,,,1.058823585510254,offset,0.002301736967638135,34,1536,instance_hypernym,0.8852458596229553,59,node_disjoint,47,0.313300758600235,0.6764705777168274,contextual_centered
0.045160554349422455,0.19196388125419617,0.5081967115402222,2.2816641330718994,4.2946553230285645,,,,,1.0327868461608887,hrr,0.002486561192199588,61,1536,all,0.6557376384735107,59,node_disjoint,47,0.18931572139263153,0.49180328845977783,contextual_centered
0.03743075579404831,0.20718367397785187,0.5925925970077515,2.2816641330718994,4.2946553230285645,,,,,1.0,hrr,0.0025066907983273268,27,1536,hypernym,0.6557376384735107,59,node_disjoint,47,0.1602652370929718,0.48148149251937866,contextual_centered
0.05129892751574516,0.26718077063560486,0.6764705777168274,2.2816641330718994,4.2946553230285645,,,,,1.058823585510254,hrr,0.002470575738698244,34,1536,instance_hypernym,0.6557376384735107,59,node_disjoint,47,0.21238520741462708,0.5,contextual_centered
0.11711811274290085,0.24948497116565704,0.6229507923126221,3.776371479034424,9.120692253112793,0.14069150388240814,0.14069150388240814,0.37452858686447144,4.525595664978027,1.0327868461608887,basis_offset_residual_hrr,0.0022991716396063566,61,3842,all,0.8524589538574219,59,node_disjoint,47,0.2461317777633667,0.6065573692321777,contextual_centered
0.06551466882228851,0.26550304889678955,0.5555555820465088,3.776371479034424,9.120692253112793,0.14069150388240814,0.14069150388240814,0.37452858686447144,4.525595664978027,1.0,basis_offset_residual_hrr,0.002433555433526635,27,3842,hypernym,0.8524589538574219,59,node_disjoint,47,0.2559572458267212,0.48148149251937866,contextual_centered
0.15809732675552368,0.24867665767669678,0.7647058963775635,3.776371479034424,9.120692253112793,0.14069150388240814,0.14069150388240814,0.37452858686447144,4.525595664978027,1.058823585510254,basis_offset_residual_hrr,0.0021924548782408237,34,3842,instance_hypernym,0.8524589538574219,59,node_disjoint,47,0.23832915723323822,0.7058823704719543,contextual_centered
0.11828864365816116,0.24858726561069489,0.6229507923126221,3.754573345184326,9.120692253112793,0.13205358386039734,0.13205358386039734,0.376323938369751,4.452977657318115,1.0327868461608887,basis_offset_diagonal_control,0.00229612342081964,61,3842,all,0.8524589538574219,59,node_disjoint,47,0.2452695369720459,0.6065573692321777,contextual_centered
0.07016567885875702,0.2686005234718323,0.5555555820465088,3.754573345184326,9.120692253112793,0.13205358386039734,0.13205358386039734,0.376323938369751,4.452977657318115,1.0,basis_offset_diagonal_control,0.0024214433506131172,27,3842,hypernym,0.8524589538574219,59,node_disjoint,47,0.257110059261322,0.48148149251937866,contextual_centered
0.15650393068790436,0.24629466235637665,0.7647058963775635,3.754573345184326,9.120692253112793,0.13205358386039734,0.13205358386039734,0.376323938369751,4.452977657318115,1.058823585510254,basis_offset_diagonal_control,0.002196604385972023,34,3842,instance_hypernym,0.8524589538574219,59,node_disjoint,47,0.23586677014827728,0.7058823704719543,contextual_centered
0.0179237499833107,0.12187599390745163,0.24590164422988892,4.0065813064575195,9.149772644042969,0.14052602648735046,0.14052602648735046,0.37157952785491943,4.740412712097168,1.0327868461608887,shuffled_basis_offset_residual_hrr,0.0025574902538210154,61,3842,all,0.37704914808273315,59,node_disjoint,47,0.12041229754686356,0.2295081913471222,contextual_centered
0.053216032683849335,0.2183491438627243,0.48148149251937866,4.0065813064575195,9.149772644042969,0.14052602648735046,0.14052602648735046,0.37157952785491943,4.740412712097168,1.0,shuffled_basis_offset_residual_hrr,0.002465583151206374,27,3842,hypernym,0.37704914808273315,59,node_disjoint,47,0.19334210455417633,0.37037035822868347,contextual_centered
-0.010102475993335247,0.17669899761676788,0.6764705777168274,4.0065813064575195,9.149772644042969,0.14052602648735046,0.14052602648735046,0.37157952785491943,4.740412712097168,1.058823585510254,shuffled_basis_offset_residual_hrr,0.0026304752100259066,34,3842,instance_hypernym,0.37704914808273315,59,node_disjoint,47,0.062497448176145554,0.11764705926179886,contextual_centered
0.02118266187608242,0.12586550414562225,0.24590164422988892,3.9691123962402344,9.149772644042969,0.13456282019615173,0.13456282019615173,0.3778476417064667,4.61181116104126,1.0327868461608887,shuffled_basis_offset_diagonal_control,0.002549003576859832,61,3842,all,0.37704914808273315,59,node_disjoint,47,0.12410906702280045,0.2295081913471222,contextual_centered
0.057959917932748795,0.22080257534980774,0.48148149251937866,3.9691123962402344,9.149772644042969,0.13456282019615173,0.13456282019615173,0.3778476417064667,4.61181116104126,1.0,shuffled_basis_offset_diagonal_control,0.002453228924423456,27,3842,hypernym,0.37704914808273315,59,node_disjoint,47,0.19798696041107178,0.37037035822868347,contextual_centered
-0.008022809401154518,0.17176306247711182,0.7058823704719543,3.9691123962402344,9.149772644042969,0.13456282019615173,0.13456282019615173,0.3778476417064667,4.61181116104126,1.058823585510254,shuffled_basis_offset_diagonal_control,0.002625059336423874,34,3842,instance_hypernym,0.37704914808273315,59,node_disjoint,47,0.06544129550457001,0.11764705926179886,contextual_centered
