cosine,final_loss,initial_loss,mean_abs_hrr_coefficient,mean_hrr_correction_norm,mean_log_basis_scale_abs,mean_offset_norm,method,mse,n,parameters,relation,relation_accuracy,seed,split_mode,target_candidates,target_mrr,target_recall_at_10,track
0.3403484523296356,0.5332096815109253,0.7050675749778748,,,,,offset,0.0017178425332531333,153,5376,all,0.30718955397605896,13,node_disjoint,141,0.1998840719461441,0.3333333432674408,contextual_centered
0.16602927446365356,0.5332096815109253,0.7050675749778748,,,,,offset,0.0021717986091971397,27,5376,hypernym,0.30718955397605896,13,node_disjoint,141,0.14952446520328522,0.29629629850387573,contextual_centered
0.30955585837364197,0.5332096815109253,0.7050675749778748,,,,,offset,0.001798031385987997,15,5376,instance_hypernym,0.30718955397605896,13,node_disjoint,141,0.16229228675365448,0.13333334028720856,contextual_centered
0.2997974157333374,0.5332096815109253,0.7050675749778748,,,,,offset,0.001823444152250886,26,5376,member_meronym,0.30718955397605896,13,node_disjoint,141,0.16959896683692932,0.26923078298568726,contextual_centered
0.4769606292247772,0.5332096815109253,0.7050675749778748,,,,,offset,0.00136208173353225,19,5376,substance_meronym,0.30718955397605896,13,node_disjoint,141,0.26202309131622314,0.4736842215061188,contextual_centered
0.3302003741264343,0.5332096815109253,0.7050675749778748,,,,,offset,0.0017442699754610658,20,5376,part_meronym,0.30718955397605896,13,node_disjoint,141,0.3274894952774048,0.5,contextual_centered
0.46129873394966125,0.5332096815109253,0.7050675749778748,,,,,offset,0.0014028678415343165,30,5376,antonym,0.30718955397605896,13,node_disjoint,141,0.23625898361206055,0.4333333373069763,contextual_centered
0.3529520630836487,0.5332096815109253,0.7050675749778748,,,,,offset,0.0016850208630785346,16,5376,attribute,0.30718955397605896,13,node_disjoint,141,0.06782175600528717,0.125,contextual_centered
0.2485198974609375,0.6031734347343445,1.0093531608581543,,,,,hrr,0.00195697951130569,153,5376,all,0.26143792271614075,13,node_disjoint,141,0.2392110824584961,0.33986929059028625,contextual_centered
0.13560140132904053,0.6031734347343445,1.0093531608581543,,,,,hrr,0.002251037862151861,27,5376,hypernym,0.26143792271614075,13,node_disjoint,141,0.19522544741630554,0.3333333432674408,contextual_centered
0.01996794529259205,0.6031734347343445,1.0093531608581543,,,,,hrr,0.0025521668139845133,15,5376,instance_hypernym,0.26143792271614075,13,node_disjoint,141,0.022704970091581345,0.06666667014360428,contextual_centered
0.24090886116027832,0.6031734347343445,1.0093531608581543,,,,,hrr,0.0019767999183386564,26,5376,member_meronym,0.26143792271614075,13,node_disjoint,141,0.13461075723171234,0.3076923191547394,contextual_centered
0.33400610089302063,0.6031734347343445,1.0093531608581543,,,,,hrr,0.0017343591898679733,19,5376,substance_meronym,0.26143792271614075,13,node_disjoint,141,0.31842705607414246,0.3684210479259491,contextual_centered
0.23819918930530548,0.6031734347343445,1.0093531608581543,,,,,hrr,0.0019838563166558743,20,5376,part_meronym,0.26143792271614075,13,node_disjoint,141,0.2698133885860443,0.4000000059604645,contextual_centered
0.4478236436843872,0.6031734347343445,1.0093531608581543,,,,,hrr,0.0014379593776538968,30,5376,antonym,0.26143792271614075,13,node_disjoint,141,0.41604429483413696,0.5,contextual_centered
0.20339637994766235,0.6031734347343445,1.0093531608581543,,,,,hrr,0.0020744886714965105,16,5376,attribute,0.26143792271614075,13,node_disjoint,141,0.22250297665596008,0.25,contextual_centered
0.34032708406448364,0.5364989638328552,0.7050675749778748,0.13642267882823944,0.13642267882823944,0.0287595447152853,0.9817660450935364,basis_offset_residual_hrr,0.0017178982961922884,153,11527,all,0.30718955397605896,13,node_disjoint,141,0.2083253711462021,0.33986929059028625,contextual_centered
0.1648453027009964,0.5364989638328552,0.7050675749778748,0.13642267882823944,0.13642267882823944,0.0287595447152853,0.9817660450935364,basis_offset_residual_hrr,0.002174881985411048,27,11527,hypernym,0.30718955397605896,13,node_disjoint,141,0.14645417034626007,0.29629629850387573,contextual_centered
0.3292001783847809,0.5364989638328552,0.7050675749778748,0.13642267882823944,0.13642267882823944,0.0287595447152853,0.9817660450935364,basis_offset_residual_hrr,0.0017468741862103343,15,11527,instance_hypernym,0.30718955397605896,13,node_disjoint,141,0.1676064282655716,0.20000000298023224,contextual_centered
0.29413938522338867,0.5364989638328552,0.7050675749778748,0.13642267882823944,0.13642267882823944,0.0287595447152853,0.9817660450935364,basis_offset_residual_hrr,0.0018381787231191993,26,11527,member_meronym,0.30718955397605896,13,node_disjoint,141,0.17466484010219574,0.26923078298568726,contextual_centered
0.467580646276474,0.5364989638328552,0.7050675749778748,0.13642267882823944,0.13642267882823944,0.0287595447152853,0.9817660450935364,basis_offset_residual_hrr,0.0013865088112652302,19,11527,substance_meronym,0.30718955397605896,13,node_disjoint,141,0.29483234882354736,0.42105263471603394,contextual_centered
0.3219764530658722,0.5364989638328552,0.7050675749778748,0.13642267882823944,0.13642267882823944,0.0287595447152853,0.9817660450935364,basis_offset_residual_hrr,0.0017656864365562797,20,11527,part_meronym,0.30718955397605896,13,node_disjoint,141,0.2862316370010376,0.44999998807907104,contextual_centered
0.47239965200424194,0.5364989638328552,0.7050675749778748,0.13642267882823944,0.13642267882823944,0.0287595447152853,0.9817660450935364,basis_offset_residual_hrr,0.0013739592395722866,30,11527,antonym,0.30718955397605896,13,node_disjoint,141,0.27639588713645935,0.5,contextual_centered
0.3461276888847351,0.5364989638328552,0.7050675749778748,0.13642267882823944,0.13642267882823944,0.0287595447152853,0.9817660450935364,basis_offset_residual_hrr,0.0017027925932779908,16,11527,attribute,0.30718955397605896,13,node_disjoint,141,0.07786307483911514,0.125,contextual_centered
0.3429967761039734,0.535476565361023,0.7050675749778748,0.13597731292247772,0.13597731292247772,0.022763816639780998,0.9772289395332336,basis_offset_diagonal_control,0.0017109459731727839,153,11527,all,0.30718955397605896,13,node_disjoint,141,0.20355014503002167,0.3529411852359772,contextual_centered
0.15964066982269287,0.535476565361023,0.7050675749778748,0.13597731292247772,0.13597731292247772,0.022763816639780998,0.9772289395332336,basis_offset_diagonal_control,0.0021884357556700706,27,11527,hypernym,0.30718955397605896,13,node_disjoint,141,0.11391982436180115,0.29629629850387573,contextual_centered
0.32893332839012146,0.535476565361023,0.7050675749778748,0.13597731292247772,0.13597731292247772,0.022763816639780998,0.9772289395332336,basis_offset_diagonal_control,0.0017475694185122848,15,11527,instance_hypernym,0.30718955397605896,13,node_disjoint,141,0.16692598164081573,0.20000000298023224,contextual_centered
0.303737998008728,0.535476565361023,0.7050675749778748,0.13597731292247772,0.13597731292247772,0.022763816639780998,0.9772289395332336,basis_offset_diagonal_control,0.0018131822580471635,26,11527,member_meronym,0.30718955397605896,13,node_disjoint,141,0.17663349211215973,0.26923078298568726,contextual_centered
0.4695799946784973,0.535476565361023,0.7050675749778748,0.13597731292247772,0.13597731292247772,0.022763816639780998,0.9772289395332336,basis_offset_diagonal_control,0.0013813022524118423,19,11527,substance_meronym,0.30718955397605896,13,node_disjoint,141,0.27083754539489746,0.42105263471603394,contextual_centered
0.32944124937057495,0.535476565361023,0.7050675749778748,0.13597731292247772,0.13597731292247772,0.022763816639780998,0.9772289395332336,basis_offset_diagonal_control,0.0017462469404563308,20,11527,part_meronym,0.30718955397605896,13,node_disjoint,141,0.2991124391555786,0.44999998807907104,contextual_centered
0.47389405965805054,0.535476565361023,0.7050675749778748,0.13597731292247772,0.13597731292247772,0.022763816639780998,0.9772289395332336,basis_offset_diagonal_control,0.001370067591778934,30,11527,antonym,0.30718955397605896,13,node_disjoint,141,0.2837217450141907,0.5333333611488342,contextual_centered
0.3505847752094269,0.535476565361023,0.7050675749778748,0.13597731292247772,0.13597731292247772,0.022763816639780998,0.9772289395332336,basis_offset_diagonal_control,0.0016911855200305581,16,11527,attribute,0.30718955397605896,13,node_disjoint,141,0.08319757133722305,0.1875,contextual_centered
0.2614230513572693,0.6125826239585876,0.7050675749778748,0.13727279007434845,0.13727279007434845,0.03617681562900543,0.6606282591819763,shuffled_basis_offset_residual_hrr,0.0019233775092288852,153,11527,all,0.16993464529514313,13,node_disjoint,141,0.19049672782421112,0.3921568691730499,contextual_centered
0.14607849717140198,0.6125826239585876,0.7050675749778748,0.13727279007434845,0.13727279007434845,0.03617681562900543,0.6606282591819763,shuffled_basis_offset_residual_hrr,0.0022237536031752825,27,11527,hypernym,0.16993464529514313,13,node_disjoint,141,0.13239151239395142,0.29629629850387573,contextual_centered
0.18631820380687714,0.6125826239585876,0.7050675749778748,0.13727279007434845,0.13727279007434845,0.03617681562900543,0.6606282591819763,shuffled_basis_offset_residual_hrr,0.0021189632825553417,15,11527,instance_hypernym,0.16993464529514313,13,node_disjoint,141,0.07370362430810928,0.20000000298023224,contextual_centered
0.218140110373497,0.6125826239585876,0.7050675749778748,0.13727279007434845,0.13727279007434845,0.03617681562900543,0.6606282591819763,shuffled_basis_offset_residual_hrr,0.0020360935013741255,26,11527,member_meronym,0.16993464529514313,13,node_disjoint,141,0.16873720288276672,0.4615384638309479,contextual_centered
0.29520392417907715,0.6125826239585876,0.7050675749778748,0.13727279007434845,0.13727279007434845,0.03617681562900543,0.6606282591819763,shuffled_basis_offset_residual_hrr,0.0018354066414758563,19,11527,substance_meronym,0.16993464529514313,13,node_disjoint,141,0.17662763595581055,0.3684210479259491,contextual_centered
0.21769337356090546,0.6125826239585876,0.7050675749778748,0.13727279007434845,0.13727279007434845,0.03617681562900543,0.6606282591819763,shuffled_basis_offset_residual_hrr,0.0020372571889311075,20,11527,part_meronym,0.16993464529514313,13,node_disjoint,141,0.18559888005256653,0.4000000059604645,contextual_centered
0.4636763632297516,0.6125826239585876,0.7050675749778748,0.13727279007434845,0.13727279007434845,0.03617681562900543,0.6606282591819763,shuffled_basis_offset_residual_hrr,0.001396676292642951,30,11527,antonym,0.16993464529514313,13,node_disjoint,141,0.3200545907020569,0.5333333611488342,contextual_centered
0.23213456571102142,0.6125826239585876,0.7050675749778748,0.13727279007434845,0.13727279007434845,0.03617681562900543,0.6606282591819763,shuffled_basis_offset_residual_hrr,0.00199964945204556,16,11527,attribute,0.16993464529514313,13,node_disjoint,141,0.2130729854106903,0.375,contextual_centered
0.2549703121185303,0.6127558946609497,0.7050675749778748,0.13661335408687592,0.13661335408687592,0.008924007415771484,0.6608035564422607,shuffled_basis_offset_diagonal_control,0.001940181595273316,153,11527,all,0.1568627506494522,13,node_disjoint,141,0.1944969892501831,0.35947713255882263,contextual_centered
0.14810600876808167,0.6127558946609497,0.7050675749778748,0.13661335408687592,0.13661335408687592,0.008924007415771484,0.6608035564422607,shuffled_basis_offset_diagonal_control,0.0022184739354997873,27,11527,hypernym,0.1568627506494522,13,node_disjoint,141,0.10358976572751999,0.25925925374031067,contextual_centered
0.19398370385169983,0.6127558946609497,0.7050675749778748,0.13661335408687592,0.13661335408687592,0.008924007415771484,0.6608035564422607,shuffled_basis_offset_diagonal_control,0.0020990008488297462,15,11527,instance_hypernym,0.1568627506494522,13,node_disjoint,141,0.1058429703116417,0.20000000298023224,contextual_centered
0.21387158334255219,0.6127558946609497,0.7050675749778748,0.13661335408687592,0.13661335408687592,0.008924007415771484,0.6608035564422607,shuffled_basis_offset_diagonal_control,0.0020472093019634485,26,11527,member_meronym,0.1568627506494522,13,node_disjoint,141,0.20917800068855286,0.4615384638309479,contextual_centered
0.2788293659687042,0.6127558946609497,0.7050675749778748,0.13661335408687592,0.13661335408687592,0.008924007415771484,0.6608035564422607,shuffled_basis_offset_diagonal_control,0.001878048526123166,19,11527,substance_meronym,0.1568627506494522,13,node_disjoint,141,0.16951550543308258,0.3684210479259491,contextual_centered
0.18957306444644928,0.6127558946609497,0.7050675749778748,0.13661335408687592,0.13661335408687592,0.008924007415771484,0.6608035564422607,shuffled_basis_offset_diagonal_control,0.0021104870829731226,20,11527,part_meronym,0.1568627506494522,13,node_disjoint,141,0.13809426128864288,0.3499999940395355,contextual_centered
0.4583139717578888,0.6127558946609497,0.7050675749778748,0.13661335408687592,0.13661335408687592,0.008924007415771484,0.6608035564422607,shuffled_basis_offset_diagonal_control,0.0014106407761573792,30,11527,antonym,0.1568627506494522,13,node_disjoint,141,0.3487797975540161,0.4333333373069763,contextual_centered
0.23140877485275269,0.6127558946609497,0.7050675749778748,0.13661335408687592,0.13661335408687592,0.008924007415771484,0.6608035564422607,shuffled_basis_offset_diagonal_control,0.002001539571210742,16,11527,attribute,0.1568627506494522,13,node_disjoint,141,0.21804803609848022,0.375,contextual_centered
0.32176098227500916,0.5403257608413696,0.7238343358039856,,,,,offset,0.0017662474419921637,143,5376,all,0.34265732765197754,31,node_disjoint,135,0.18992644548416138,0.35664334893226624,contextual_centered
0.14795103669166565,0.5403257608413696,0.7238343358039856,,,,,offset,0.0022188774310052395,22,5376,hypernym,0.34265732765197754,31,node_disjoint,135,0.18439769744873047,0.27272728085517883,contextual_centered
0.3283533453941345,0.5403257608413696,0.7238343358039856,,,,,offset,0.0017490797908976674,9,5376,instance_hypernym,0.34265732765197754,31,node_disjoint,135,0.2653907239437103,0.5555555820465088,contextual_centered
0.39215850830078125,0.5403257608413696,0.7238343358039856,,,,,offset,0.0015829207841306925,22,5376,member_meronym,0.34265732765197754,31,node_disjoint,135,0.25274473428726196,0.4545454680919647,contextual_centered
0.3861200213432312,0.5403257608413696,0.7238343358039856,,,,,offset,0.0015986459329724312,30,5376,substance_meronym,0.34265732765197754,31,node_disjoint,135,0.16100123524665833,0.3333333432674408,contextual_centered
0.23442862927913666,0.5403257608413696,0.7238343358039856,,,,,offset,0.001993675483390689,26,5376,part_meronym,0.34265732765197754,31,node_disjoint,135,0.11062313616275787,0.26923078298568726,contextual_centered
0.4081730842590332,0.5403257608413696,0.7238343358039856,,,,,offset,0.0015412158099934459,20,5376,antonym,0.34265732765197754,31,node_disjoint,135,0.2971409857273102,0.44999998807907104,contextual_centered
0.3808590769767761,0.5403257608413696,0.7238343358039856,,,,,offset,0.0016123460372909904,14,5376,attribute,0.34265732765197754,31,node_disjoint,135,0.10748370736837387,0.2857142984867096,contextual_centered
0.25302091240882874,0.6264450550079346,0.99467933177948,,,,,hrr,0.001945258118212223,143,5376,all,0.24475523829460144,31,node_disjoint,135,0.25844308733940125,0.3636363744735718,contextual_centered
0.14712807536125183,0.6264450550079346,0.99467933177948,,,,,hrr,0.002221020869910717,22,5376,hypernym,0.24475523829460144,31,node_disjoint,135,0.17435608804225922,0.22727273404598236,contextual_centered
0.1670157015323639,0.6264450550079346,0.99467933177948,,,,,hrr,0.0021692300215363503,9,5376,instance_hypernym,0.24475523829460144,31,node_disjoint,135,0.23000568151474,0.3333333432674408,contextual_centered
0.3303627669811249,0.6264450550079346,0.99467933177948,,,,,hrr,0.0017438470385968685,22,5376,member_meronym,0.24475523829460144,31,node_disjoint,135,0.39636334776878357,0.4545454680919647,contextual_centered
0.31715133786201477,0.6264450550079346,0.99467933177948,,,,,hrr,0.0017782519571483135,30,5376,substance_meronym,0.24475523829460144,31,node_disjoint,135,0.2729397714138031,0.3333333432674408,contextual_centered
0.1543916016817093,0.6264450550079346,0.99467933177948,,,,,hrr,0.0022021052427589893,26,5376,part_meronym,0.24475523829460144,31,node_disjoint,135,0.1676221489906311,0.3076923191547394,contextual_centered
0.3830263912677765,0.6264450550079346,0.99467933177948,,,,,hrr,0.0016067022224888206,20,5376,antonym,0.24475523829460144,31,node_disjoint,135,0.3603470027446747,0.6000000238418579,contextual_centered
0.21319998800754547,0.6264450550079346,0.99467933177948,,,,,hrr,0.00204895855858922,14,5376,attribute,0.24475523829460144,31,node_disjoint,135,0.18415531516075134,0.2857142984867096,contextual_centered
0.32479217648506165,0.5382550954818726,0.7238343358039856,0.13733552396297455,0.13733552396297455,0.029952261596918106,0.958030104637146,basis_offset_residual_hrr,0.0017583537846803665,143,11527,all,0.3356643319129944,31,node_disjoint,135,0.21168309450149536,0.35664334893226624,contextual_centered
0.15616494417190552,0.5382550954818726,0.7238343358039856,0.13733552396297455,0.13733552396297455,0.029952261596918106,0.958030104637146,basis_offset_residual_hrr,0.002197487046942115,22,11527,hypernym,0.3356643319129944,31,node_disjoint,135,0.18956834077835083,0.27272728085517883,contextual_centered
0.3333728313446045,0.5382550954818726,0.7238343358039856,0.13733552396297455,0.13733552396297455,0.029952261596918106,0.958030104637146,basis_offset_residual_hrr,0.0017360083293169737,9,11527,instance_hypernym,0.3356643319129944,31,node_disjoint,135,0.32682937383651733,0.5555555820465088,contextual_centered
0.4003274142742157,0.5382550954818726,0.7238343358039856,0.13733552396297455,0.13733552396297455,0.029952261596918106,0.958030104637146,basis_offset_residual_hrr,0.001561647397466004,22,11527,member_meronym,0.3356643319129944,31,node_disjoint,135,0.28589868545532227,0.4545454680919647,contextual_centered
0.3869948089122772,0.5382550954818726,0.7238343358039856,0.13733552396297455,0.13733552396297455,0.029952261596918106,0.958030104637146,basis_offset_residual_hrr,0.0015963678015396,30,11527,substance_meronym,0.3356643319129944,31,node_disjoint,135,0.1895335465669632,0.30000001192092896,contextual_centered
0.23541082441806793,0.5382550954818726,0.7238343358039856,0.13733552396297455,0.13733552396297455,0.029952261596918106,0.958030104637146,basis_offset_residual_hrr,0.0019911176059395075,26,11527,part_meronym,0.3356643319129944,31,node_disjoint,135,0.11567894369363785,0.3076923191547394,contextual_centered
0.408684641122818,0.5382550954818726,0.7238343358039856,0.13733552396297455,0.13733552396297455,0.029952261596918106,0.958030104637146,basis_offset_residual_hrr,0.001539883785881102,20,11527,antonym,0.3356643319129944,31,node_disjoint,135,0.3014839291572571,0.44999998807907104,contextual_centered
0.3784197270870209,0.5382550954818726,0.7238343358039856,0.13733552396297455,0.13733552396297455,0.029952261596918106,0.958030104637146,basis_offset_residual_hrr,0.0016186985885724425,14,11527,attribute,0.3356643319129944,31,node_disjoint,135,0.15325771272182465,0.2857142984867096,contextual_centered
0.32706838846206665,0.5382906794548035,0.7238343358039856,0.1365940123796463,0.1365940123796463,0.01835380494594574,0.9485973715782166,basis_offset_diagonal_control,0.0017524262657389045,143,11527,all,0.2657342553138733,31,node_disjoint,135,0.21391916275024414,0.37062937021255493,contextual_centered
0.16003543138504028,0.5382906794548035,0.7238343358039856,0.1365940123796463,0.1365940123796463,0.01835380494594574,0.9485973715782166,basis_offset_diagonal_control,0.002187407808378339,22,11527,hypernym,0.2657342553138733,31,node_disjoint,135,0.16175639629364014,0.22727273404598236,contextual_centered
0.33169445395469666,0.5382906794548035,0.7238343358039856,0.1365940123796463,0.1365940123796463,0.01835380494594574,0.9485973715782166,basis_offset_diagonal_control,0.001740379142574966,9,11527,instance_hypernym,0.2657342553138733,31,node_disjoint,135,0.27486827969551086,0.5555555820465088,contextual_centered
0.4019951820373535,0.5382906794548035,0.7238343358039856,0.1365940123796463,0.1365940123796463,0.01835380494594574,0.9485973715782166,basis_offset_diagonal_control,0.0015573042910546064,22,11527,member_meronym,0.2657342553138733,31,node_disjoint,135,0.28975486755371094,0.5,contextual_centered
0.38783499598503113,0.5382906794548035,0.7238343358039856,0.1365940123796463,0.1365940123796463,0.01835380494594574,0.9485973715782166,basis_offset_diagonal_control,0.0015941798919811845,30,11527,substance_meronym,0.2657342553138733,31,node_disjoint,135,0.18729203939437866,0.30000001192092896,contextual_centered
0.23401428759098053,0.5382906794548035,0.7238343358039856,0.1365940123796463,0.1365940123796463,0.01835380494594574,0.9485973715782166,basis_offset_diagonal_control,0.0019947548862546682,26,11527,part_meronym,0.2657342553138733,31,node_disjoint,135,0.11393623799085617,0.3076923191547394,contextual_centered
0.40974608063697815,0.5382906794548035,0.7238343358039856,0.1365940123796463,0.1365940123796463,0.01835380494594574,0.9485973715782166,basis_offset_diagonal_control,0.0015371196204796433,20,11527,antonym,0.2657342553138733,31,node_disjoint,135,0.34109601378440857,0.550000011920929,contextual_centered
0.39332255721092224,0.5382906794548035,0.7238343358039856,0.1365940123796463,0.1365940123796463,0.01835380494594574,0.9485973715782166,basis_offset_diagonal_control,0.0015798890963196754,14,11527,attribute,0.2657342553138733,31,node_disjoint,135,0.19859682023525238,0.2857142984867096,contextual_centered
0.19749802350997925,0.6103081703186035,0.7238343358039856,0.13691797852516174,0.13691797852516174,0.032630737870931625,0.7209600806236267,shuffled_basis_offset_residual_hrr,0.0020898492075502872,143,11527,all,0.0979020968079567,31,node_disjoint,135,0.17405863106250763,0.28671327233314514,contextual_centered
0.1251068115234375,0.6103081703186035,0.7238343358039856,0.13691797852516174,0.13691797852516174,0.032630737870931625,0.7209600806236267,shuffled_basis_offset_residual_hrr,0.002278367755934596,22,11527,hypernym,0.0979020968079567,31,node_disjoint,135,0.14618684351444244,0.3181818127632141,contextual_centered
0.1266426295042038,0.6103081703186035,0.7238343358039856,0.13691797852516174,0.13691797852516174,0.032630737870931625,0.7209600806236267,shuffled_basis_offset_residual_hrr,0.0022743684239685535,9,11527,instance_hypernym,0.0979020968079567,31,node_disjoint,135,0.027688538655638695,0.0,contextual_centered
0.4024273157119751,0.6103081703186035,0.7238343358039856,0.13691797852516174,0.13691797852516174,0.032630737870931625,0.7209600806236267,shuffled_basis_offset_residual_hrr,0.0015561790205538273,22,11527,member_meronym,0.0979020968079567,31,node_disjoint,135,0.29210466146469116,0.40909090638160706,contextual_centered
0.13264931738376617,0.6103081703186035,0.7238343358039856,0.13691797852516174,0.13691797852516174,0.032630737870931625,0.7209600806236267,shuffled_basis_offset_residual_hrr,0.0022587256971746683,30,11527,substance_meronym,0.0979020968079567,31,node_disjoint,135,0.1896214783191681,0.30000001192092896,contextual_centered
0.14529386162757874,0.6103081703186035,0.7238343358039856,0.13691797852516174,0.13691797852516174,0.032630737870931625,0.7209600806236267,shuffled_basis_offset_residual_hrr,0.0022257971577346325,26,11527,part_meronym,0.0979020968079567,31,node_disjoint,135,0.2670392394065857,0.3076923191547394,contextual_centered
0.14186273515224457,0.6103081703186035,0.7238343358039856,0.13691797852516174,0.13691797852516174,0.032630737870931625,0.7209600806236267,shuffled_basis_offset_residual_hrr,0.0022347322665154934,20,11527,antonym,0.0979020968079567,31,node_disjoint,135,0.066769078373909,0.20000000298023224,contextual_centered
0.3501647114753723,0.6103081703186035,0.7238343358039856,0.13691797852516174,0.13691797852516174,0.032630737870931625,0.7209600806236267,shuffled_basis_offset_residual_hrr,0.0016922792419791222,14,11527,attribute,0.0979020968079567,31,node_disjoint,135,0.07369489967823029,0.2857142984867096,contextual_centered
0.20576198399066925,0.6096869111061096,0.7238343358039856,0.1361101269721985,0.1361101120710373,0.010914165526628494,0.7201576232910156,shuffled_basis_offset_diagonal_control,0.0020683282054960728,143,11527,all,0.10489509999752045,31,node_disjoint,135,0.17458267509937286,0.30069929361343384,contextual_centered
0.13986964523792267,0.6096869111061096,0.7238343358039856,0.1361101269721985,0.1361101120710373,0.010914165526628494,0.7201576232910156,shuffled_basis_offset_diagonal_control,0.002239922760054469,22,11527,hypernym,0.10489509999752045,31,node_disjoint,135,0.16280652582645416,0.27272728085517883,contextual_centered
0.12631498277187347,0.6096869111061096,0.7238343358039856,0.1361101269721985,0.1361101120710373,0.010914165526628494,0.7201576232910156,shuffled_basis_offset_diagonal_control,0.0022752215154469013,9,11527,instance_hypernym,0.10489509999752045,31,node_disjoint,135,0.02589213289320469,0.0,contextual_centered
0.4035128653049469,0.6096869111061096,0.7238343358039856,0.1361101269721985,0.1361101120710373,0.010914165526628494,0.7201576232910156,shuffled_basis_offset_diagonal_control,0.001553351990878582,22,11527,member_meronym,0.10489509999752045,31,node_disjoint,135,0.286980539560318,0.4545454680919647,contextual_centered
0.15774692595005035,0.6096869111061096,0.7238343358039856,0.1361101269721985,0.1361101120710373,0.010914165526628494,0.7201576232910156,shuffled_basis_offset_diagonal_control,0.002193367574363947,30,11527,substance_meronym,0.10489509999752045,31,node_disjoint,135,0.22205892205238342,0.36666667461395264,contextual_centered
0.13384634256362915,0.6096869111061096,0.7238343358039856,0.1361101269721985,0.1361101120710373,0.010914165526628494,0.7201576232910156,shuffled_basis_offset_diagonal_control,0.0022556085605174303,26,11527,part_meronym,0.10489509999752045,31,node_disjoint,135,0.2113463580608368,0.3076923191547394,contextual_centered
0.15653470158576965,0.6096869111061096,0.7238343358039856,0.1361101269721985,0.1361101120710373,0.010914165526628494,0.7201576232910156,shuffled_basis_offset_diagonal_control,0.0021965240593999624,20,11527,antonym,0.10489509999752045,31,node_disjoint,135,0.08345554023981094,0.20000000298023224,contextual_centered
0.3564004600048065,0.6096869111061096,0.7238343358039856,0.1361101269721985,0.1361101120710373,0.010914165526628494,0.7201576232910156,shuffled_basis_offset_diagonal_control,0.0016760403523221612,14,11527,attribute,0.10489509999752045,31,node_disjoint,135,0.07222097367048264,0.2857142984867096,contextual_centered
0.30370238423347473,0.5024294853210449,0.6883684396743774,,,,,offset,0.0018132752738893032,138,5376,all,0.2753623127937317,53,node_disjoint,122,0.1676800549030304,0.36231884360313416,contextual_centered
0.17644686996936798,0.5024294853210449,0.6883684396743774,,,,,offset,0.0021446694154292345,22,5376,hypernym,0.2753623127937317,53,node_disjoint,122,0.100467249751091,0.27272728085517883,contextual_centered
0.362991601228714,0.5024294853210449,0.6883684396743774,,,,,offset,0.0016588761936873198,26,5376,instance_hypernym,0.2753623127937317,53,node_disjoint,122,0.15641674399375916,0.4615384638309479,contextual_centered
0.08383876085281372,0.5024294853210449,0.6883684396743774,,,,,offset,0.002385836560279131,21,5376,member_meronym,0.2753623127937317,53,node_disjoint,122,0.051702454686164856,0.095238097012043,contextual_centered
0.47439339756965637,0.5024294853210449,0.6883684396743774,,,,,offset,0.0013687672326341271,12,5376,substance_meronym,0.2753623127937317,53,node_disjoint,122,0.3627759516239166,0.4166666567325592,contextual_centered
0.3077315092086792,0.5024294853210449,0.6883684396743774,,,,,offset,0.0018027827609330416,18,5376,part_meronym,0.2753623127937317,53,node_disjoint,122,0.23459050059318542,0.5,contextual_centered
0.5643301606178284,0.5024294853210449,0.6883684396743774,,,,,offset,0.0011345569510012865,20,5376,antonym,0.2753623127937317,53,node_disjoint,122,0.30697503685951233,0.6000000238418579,contextual_centered
0.2269584983587265,0.5024294853210449,0.6883684396743774,,,,,offset,0.002013128949329257,19,5376,attribute,0.2753623127937317,53,node_disjoint,122,0.05587056279182434,0.21052631735801697,contextual_centered
0.24243390560150146,0.5922672152519226,1.0036330223083496,,,,,hrr,0.0019728285260498524,138,5376,all,0.260869562625885,53,node_disjoint,122,0.22445249557495117,0.3550724685192108,contextual_centered
0.26946181058883667,0.5922672152519226,1.0036330223083496,,,,,hrr,0.0019024430075660348,22,5376,hypernym,0.260869562625885,53,node_disjoint,122,0.3300309181213379,0.5454545617103577,contextual_centered
0.09476041048765182,0.5922672152519226,1.0036330223083496,,,,,hrr,0.002357394667342305,26,5376,instance_hypernym,0.260869562625885,53,node_disjoint,122,0.10088487714529037,0.23076923191547394,contextual_centered
0.19952061772346497,0.5922672152519226,1.0036330223083496,,,,,hrr,0.0020845818798989058,21,5376,member_meronym,0.260869562625885,53,node_disjoint,122,0.1054006963968277,0.190476194024086,contextual_centered
0.3062111437320709,0.5922672152519226,1.0036330223083496,,,,,hrr,0.0018067420460283756,12,5376,substance_meronym,0.260869562625885,53,node_disjoint,122,0.22911566495895386,0.3333333432674408,contextual_centered
0.23280805349349976,0.5922672152519226,1.0036330223083496,,,,,hrr,0.001997895771637559,18,5376,part_meronym,0.260869562625885,53,node_disjoint,122,0.2577398121356964,0.3333333432674408,contextual_centered
0.5052360892295837,0.5922672152519226,1.0036330223083496,,,,,hrr,0.0012884478783234954,20,5376,antonym,0.260869562625885,53,node_disjoint,122,0.41652220487594604,0.6499999761581421,contextual_centered
0.15285353362560272,0.5922672152519226,1.0036330223083496,,,,,hrr,0.002206110395491123,19,5376,attribute,0.260869562625885,53,node_disjoint,122,0.1662207692861557,0.21052631735801697,contextual_centered
0.3081507980823517,0.502975583076477,0.6883684396743774,0.13661685585975647,0.13661685585975647,0.02881554327905178,1.0482767820358276,basis_offset_residual_hrr,0.001801690668798983,138,11527,all,0.25362318754196167,53,node_disjoint,122,0.1862945854663849,0.3840579688549042,contextual_centered
0.19069944322109222,0.502975583076477,0.6883684396743774,0.13661685585975647,0.13661685585975647,0.02881554327905178,1.0482767820358276,basis_offset_residual_hrr,0.0021075536496937275,22,11527,hypernym,0.25362318754196167,53,node_disjoint,122,0.10297361016273499,0.27272728085517883,contextual_centered
0.3684106469154358,0.502975583076477,0.6883684396743774,0.13661685585975647,0.13661685585975647,0.02881554327905178,1.0482767820358276,basis_offset_residual_hrr,0.0016447638627141714,26,11527,instance_hypernym,0.25362318754196167,53,node_disjoint,122,0.14946945011615753,0.42307692766189575,contextual_centered
0.10759128630161285,0.502975583076477,0.6883684396743774,0.13661685585975647,0.13661685585975647,0.02881554327905178,1.0482767820358276,basis_offset_residual_hrr,0.0023239809088408947,21,11527,member_meronym,0.25362318754196167,53,node_disjoint,122,0.08722695708274841,0.190476194024086,contextual_centered
0.4672234356403351,0.502975583076477,0.6883684396743774,0.13661685585975647,0.13661685585975647,0.02881554327905178,1.0482767820358276,basis_offset_residual_hrr,0.0013874389696866274,12,11527,substance_meronym,0.25362318754196167,53,node_disjoint,122,0.36255452036857605,0.4166666567325592,contextual_centered
0.3038446009159088,0.502975583076477,0.6883684396743774,0.13661685585975647,0.13661685585975647,0.02881554327905178,1.0482767820358276,basis_offset_residual_hrr,0.00181290484033525,18,11527,part_meronym,0.25362318754196167,53,node_disjoint,122,0.2645162343978882,0.5,contextual_centered
0.5641579031944275,0.502975583076477,0.6883684396743774,0.13661685585975647,0.13661685585975647,0.02881554327905178,1.0482767820358276,basis_offset_residual_hrr,0.0011350054992362857,20,11527,antonym,0.25362318754196167,53,node_disjoint,122,0.32514071464538574,0.699999988079071,contextual_centered
0.21748879551887512,0.502975583076477,0.6883684396743774,0.13661685585975647,0.13661685585975647,0.02881554327905178,1.0482767820358276,basis_offset_residual_hrr,0.002037789672613144,19,11527,attribute,0.25362318754196167,53,node_disjoint,122,0.11107901483774185,0.21052631735801697,contextual_centered
0.3121475875377655,0.5024312138557434,0.6883684396743774,0.13549739122390747,0.13549739122390747,0.020871926099061966,1.0293755531311035,basis_offset_diagonal_control,0.0017912824405357242,138,11527,all,0.260869562625885,53,node_disjoint,122,0.1857229620218277,0.3913043439388275,contextual_centered
0.1868356615304947,0.5024312138557434,0.6883684396743774,0.13549739122390747,0.13549739122390747,0.020871926099061966,1.0293755531311035,basis_offset_diagonal_control,0.002117615658789873,22,11527,hypernym,0.260869562625885,53,node_disjoint,122,0.10204268246889114,0.27272728085517883,contextual_centered
0.36749178171157837,0.5024312138557434,0.6883684396743774,0.13549739122390747,0.13549739122390747,0.020871926099061966,1.0293755531311035,basis_offset_diagonal_control,0.0016471570124849677,26,11527,instance_hypernym,0.260869562625885,53,node_disjoint,122,0.1500398963689804,0.42307692766189575,contextual_centered
0.11341623216867447,0.5024312138557434,0.6883684396743774,0.13549739122390747,0.13549739122390747,0.020871926099061966,1.0293755531311035,basis_offset_diagonal_control,0.002308811992406845,21,11527,member_meronym,0.260869562625885,53,node_disjoint,122,0.08367208391427994,0.1428571492433548,contextual_centered
0.4770760238170624,0.5024312138557434,0.6883684396743774,0.13549739122390747,0.13549739122390747,0.020871926099061966,1.0293755531311035,basis_offset_diagonal_control,0.0013617812655866146,12,11527,substance_meronym,0.260869562625885,53,node_disjoint,122,0.36442065238952637,0.4166666567325592,contextual_centered
0.3111839294433594,0.5024312138557434,0.6883684396743774,0.13549739122390747,0.13549739122390747,0.020871926099061966,1.0293755531311035,basis_offset_diagonal_control,0.0017937918892130256,18,11527,part_meronym,0.260869562625885,53,node_disjoint,122,0.27648964524269104,0.5555555820465088,contextual_centered
0.5637900829315186,0.5024312138557434,0.6883684396743774,0.13549739122390747,0.13549739122390747,0.020871926099061966,1.0293755531311035,basis_offset_diagonal_control,0.0011359634809195995,20,11527,antonym,0.260869562625885,53,node_disjoint,122,0.31632280349731445,0.75,contextual_centered
0.23302264511585236,0.5024312138557434,0.6883684396743774,0.13549739122390747,0.13549739122390747,0.020871926099061966,1.0293755531311035,basis_offset_diagonal_control,0.001997336745262146,19,11527,attribute,0.260869562625885,53,node_disjoint,122,0.10791364312171936,0.21052631735801697,contextual_centered
0.22888439893722534,0.6105669736862183,0.6883684396743774,0.1374521106481552,0.1374521106481552,0.03782187029719353,0.552176833152771,shuffled_basis_offset_residual_hrr,0.002008113544434309,138,11527,all,0.10869565606117249,53,node_disjoint,122,0.17924140393733978,0.30434781312942505,contextual_centered
0.2783993184566498,0.6105669736862183,0.6883684396743774,0.1374521106481552,0.1374521106481552,0.03782187029719353,0.552176833152771,shuffled_basis_offset_residual_hrr,0.0018791686743497849,22,11527,hypernym,0.10869565606117249,53,node_disjoint,122,0.31435930728912354,0.40909090638160706,contextual_centered
0.16222375631332397,0.6105669736862183,0.6883684396743774,0.1374521106481552,0.1374521106481552,0.03782187029719353,0.552176833152771,shuffled_basis_offset_residual_hrr,0.002181708812713623,26,11527,instance_hypernym,0.10869565606117249,53,node_disjoint,122,0.16914957761764526,0.23076923191547394,contextual_centered
0.14049223065376282,0.6105669736862183,0.6883684396743774,0.1374521106481552,0.1374521106481552,0.03782187029719353,0.552176833152771,shuffled_basis_offset_residual_hrr,0.002238301560282707,21,11527,member_meronym,0.10869565606117249,53,node_disjoint,122,0.07746721804141998,0.1428571492433548,contextual_centered
0.36022329330444336,0.6105669736862183,0.6883684396743774,0.1374521106481552,0.1374521106481552,0.03782187029719353,0.552176833152771,shuffled_basis_offset_residual_hrr,0.0016660852124914527,12,11527,substance_meronym,0.10869565606117249,53,node_disjoint,122,0.1666008085012436,0.4166666567325592,contextual_centered
0.24074074625968933,0.6105669736862183,0.6883684396743774,0.1374521106481552,0.1374521106481552,0.03782187029719353,0.552176833152771,shuffled_basis_offset_residual_hrr,0.0019772376399487257,18,11527,part_meronym,0.10869565606117249,53,node_disjoint,122,0.22543475031852722,0.3888888955116272,contextual_centered
0.3691090941429138,0.6105669736862183,0.6883684396743774,0.1374521106481552,0.1374521106481552,0.03782187029719353,0.552176833152771,shuffled_basis_offset_residual_hrr,0.0016429449897259474,20,11527,antonym,0.10869565606117249,53,node_disjoint,122,0.22776570916175842,0.4000000059604645,contextual_centered
0.11867954581975937,0.6105669736862183,0.6883684396743774,0.1374521106481552,0.1374521106481552,0.03782187029719353,0.552176833152771,shuffled_basis_offset_residual_hrr,0.002295105252414942,19,11527,attribute,0.10869565606117249,53,node_disjoint,122,0.06222938373684883,0.21052631735801697,contextual_centered
0.22981302440166473,0.6131935119628906,0.6883684396743774,0.13684402406215668,0.13684400916099548,0.009653827175498009,0.5475718379020691,shuffled_basis_offset_diagonal_control,0.00200569536536932,138,11527,all,0.10144928097724915,53,node_disjoint,122,0.18175140023231506,0.32608696818351746,contextual_centered
0.27944299578666687,0.6131935119628906,0.6883684396743774,0.13684402406215668,0.13684400916099548,0.009653827175498009,0.5475718379020691,shuffled_basis_offset_diagonal_control,0.0018764506094157696,22,11527,hypernym,0.10144928097724915,53,node_disjoint,122,0.3347184956073761,0.4545454680919647,contextual_centered
0.15441425144672394,0.6131935119628906,0.6883684396743774,0.13684402406215668,0.13684400916099548,0.009653827175498009,0.5475718379020691,shuffled_basis_offset_diagonal_control,0.002202046336606145,26,11527,instance_hypernym,0.10144928097724915,53,node_disjoint,122,0.1495690494775772,0.23076923191547394,contextual_centered
0.14031974971294403,0.6131935119628906,0.6883684396743774,0.13684402406215668,0.13684400916099548,0.009653827175498009,0.5475718379020691,shuffled_basis_offset_diagonal_control,0.0022387506905943155,21,11527,member_meronym,0.10144928097724915,53,node_disjoint,122,0.07853110879659653,0.1428571492433548,contextual_centered
0.357125848531723,0.6131935119628906,0.6883684396743774,0.13684402406215668,0.13684400916099548,0.009653827175498009,0.5475718379020691,shuffled_basis_offset_diagonal_control,0.0016741515137255192,12,11527,substance_meronym,0.10144928097724915,53,node_disjoint,122,0.1504213511943817,0.4166666567325592,contextual_centered
0.25415852665901184,0.6131935119628906,0.6883684396743774,0.13684402406215668,0.13684400916099548,0.009653827175498009,0.5475718379020691,shuffled_basis_offset_diagonal_control,0.001942295697517693,18,11527,part_meronym,0.10144928097724915,53,node_disjoint,122,0.23764556646347046,0.5,contextual_centered
0.37103891372680664,0.6131935119628906,0.6883684396743774,0.13684402406215668,0.13684400916099548,0.009653827175498009,0.5475718379020691,shuffled_basis_offset_diagonal_control,0.0016379195731133223,20,11527,antonym,0.10144928097724915,53,node_disjoint,122,0.25193148851394653,0.4000000059604645,contextual_centered
0.12230649590492249,0.6131935119628906,0.6883684396743774,0.13684402406215668,0.13684400916099548,0.009653827175498009,0.5475718379020691,shuffled_basis_offset_diagonal_control,0.002285660244524479,19,11527,attribute,0.10144928097724915,53,node_disjoint,122,0.05571744218468666,0.21052631735801697,contextual_centered
