algebra,dimension,correlation,degree_profile,noise_std,calibration_n,evaluation_n,top1,mrr,ece,brier,threshold,calibration_coverage,calibration_selective_accuracy,evaluation_coverage,evaluation_selective_accuracy
real_hrr,256,0.0,fixed16,0.0,576,576,0.7881944179534912,0.8486625736382045,0.024608500050665942,0.11367464966204971,0.806800158560346,0.6666666666666666,0.9505208134651184,0.6215277910232544,0.9469273686408997
real_hrr,256,0.0,poisson16,0.0,554,598,0.764214038848877,0.8300904672250781,0.02807628682617944,0.11947836619034702,0.7318195234512158,0.6678700361010831,0.9513513445854187,0.6538461446762085,0.9181585907936096
real_hrr,256,0.0,heavy_tail,0.0,531,540,0.5055555701255798,0.584674798955096,0.06864367807396345,0.13082987906195312,0.7614764203157874,0.423728813559322,0.9511111378669739,0.37037035822868347,0.9449999928474426
real_hrr,256,0.3,fixed16,0.0,576,576,0.6076388955116272,0.7013780830472676,0.02916109967999401,0.16076579188944098,0.8321229706657213,0.3003472222222222,0.9537572264671326,0.3315972089767456,0.9371727705001831
real_hrr,256,0.3,poisson16,0.0,576,584,0.5804794430732727,0.6785567987105363,0.03487544942929096,0.16158795960738473,0.8822139986478303,0.22743055555555555,0.9541984796524048,0.2226027399301529,0.9769230484962463
real_hrr,256,0.3,heavy_tail,0.0,361,552,0.46557971835136414,0.5414844006203402,0.057083104826794205,0.147246538459676,0.6261860505566118,0.5290858725761773,0.9528796076774597,0.35326087474823,0.8820512890815735
real_hrr,512,0.0,fixed16,0.0,576,576,0.9895833134651184,0.9942129629629629,0.007086086845913441,0.008129109438565063,0.5980274587818577,1.0,0.9947916865348816,1.0,0.9895833134651184
real_hrr,512,0.0,poisson16,0.0,557,588,0.9846938848495483,0.9913548752834468,0.003388371034811206,0.012101651431307557,0.5369496397030502,1.0,0.9820466637611389,1.0,0.9846938848495483
real_hrr,512,0.0,heavy_tail,0.0,382,561,0.7130124568939209,0.777144111844482,0.030851278213615704,0.10843199452349517,0.4090474336200488,0.8010471204188482,0.9509803652763367,0.6773618459701538,0.9078947305679321
real_hrr,512,0.3,fixed16,0.0,576,576,0.9444444179534912,0.963936988936989,0.01453889355221297,0.03697828955492295,0.281037113551013,0.9965277777777778,0.9512194991111755,1.0,0.9444444179534912
real_hrr,512,0.3,poisson16,0.0,605,622,0.9051446914672852,0.9325314276247042,0.02077077851430705,0.05242931018806938,0.6099923300972149,0.9256198347107438,0.949999988079071,0.8906752467155457,0.9638988971710205
real_hrr,512,0.3,heavy_tail,0.0,490,411,0.8102189898490906,0.8507066029412399,0.04603958332622672,0.06636627971334066,0.7172986253998429,0.49795918367346936,0.9508196711540222,0.698296844959259,0.9895470142364502
unitary_hrr,256,0.0,fixed16,0.0,576,576,0.8229166865348816,0.8782731603944678,0.03139494850406366,0.09676532359933206,0.6983628317427534,0.7482638888888888,0.9512761235237122,0.7638888955116272,0.9318181872367859
unitary_hrr,256,0.0,poisson16,0.0,554,598,0.7842809557914734,0.8448788675976697,0.03226203222682614,0.11632007180993847,0.6858190562636822,0.7220216606498195,0.949999988079071,0.6939799189567566,0.9301204681396484
unitary_hrr,256,0.0,heavy_tail,0.0,531,540,0.5037037134170532,0.5735467410238112,0.06745792714982879,0.11810935942364567,0.6973592533946116,0.4783427495291902,0.9527559280395508,0.41296297311782837,0.9417040348052979
unitary_hrr,256,0.3,fixed16,0.0,576,576,0.640625,0.7342682397275471,0.04319606192772722,0.1579113230781419,0.8748103380468565,0.2829861111111111,0.9509202241897583,0.3315972089767456,0.9581151604652405
unitary_hrr,256,0.3,poisson16,0.0,576,584,0.6284246444702148,0.7087589282133496,0.05109842431731693,0.16383069259691396,0.862523250371923,0.22395833333333334,0.9534883499145508,0.2859589159488678,0.9820359349250793
unitary_hrr,256,0.3,heavy_tail,0.0,361,552,0.46739131212234497,0.5428934248434096,0.03266527672106285,0.13087020843132594,0.6306475967196542,0.5595567867036011,0.9504950642585754,0.35144928097724915,0.8969072103500366
unitary_hrr,512,0.0,fixed16,0.0,576,576,0.9947916865348816,0.9966724537037036,0.0009797445393379626,0.003604219166201219,0.29354455185664147,1.0,0.9930555820465088,1.0,0.9947916865348816
unitary_hrr,512,0.0,poisson16,0.0,557,588,0.9863945841789246,0.99109268707483,0.0014617054624861785,0.007795926541496752,0.320577207034717,1.0,0.9838420152664185,1.0,0.9863945841789246
unitary_hrr,512,0.0,heavy_tail,0.0,382,561,0.7165775299072266,0.7808853231030087,0.027590837431310123,0.10645731199054506,0.4520064710544867,0.8036649214659686,0.9511400461196899,0.7058823704719543,0.9015151262283325
unitary_hrr,512,0.3,fixed16,0.0,576,576,0.9444444179534912,0.962590168546051,0.02515701798023012,0.030557894704946704,0.5048284539145064,1.0,0.9670138955116272,0.9982638955116272,0.9443477988243103
unitary_hrr,512,0.3,poisson16,0.0,605,622,0.9051446914672852,0.9345147615142493,0.02030182163646493,0.052866604817042126,0.5102592396962139,0.947107438016529,0.9511343836784363,0.9372990131378174,0.9451115131378174
unitary_hrr,512,0.3,heavy_tail,0.0,490,411,0.8004866242408752,0.8334386275886783,0.03598965786309693,0.07387126100594421,0.5995304244361058,0.5102040816326531,0.9520000219345093,0.7031630277633667,0.9861591458320618
map,256,0.0,fixed16,0.0,576,576,0.8611111044883728,0.9089652941213056,0.029337697038606034,0.0850489236866382,0.7627350226247546,0.7256944444444444,0.9521530866622925,0.7447916865348816,0.9603729844093323
map,256,0.0,poisson16,0.0,554,598,0.8010033369064331,0.8587514322728175,0.038338303059973926,0.11110973114586212,0.6032187560182586,0.8158844765342961,0.9513274431228638,0.7441471815109253,0.9213483333587646
map,256,0.0,heavy_tail,0.0,531,540,0.4740740656852722,0.556027018353333,0.1117601241085059,0.12925380177734724,0.7383589738745283,0.4896421845574388,0.949999988079071,0.3740740716457367,0.9356435537338257
map,256,0.3,fixed16,0.0,576,576,0.6267361044883728,0.730664818964241,0.027390369934182368,0.1565042556044975,0.8565315577515858,0.2934027777777778,0.9526627063751221,0.2986111044883728,0.9418604373931885
map,256,0.3,poisson16,0.0,576,584,0.585616409778595,0.6878958348462724,0.05226250497222173,0.15595511245447946,0.8227728136215698,0.2934027777777778,0.9526627063751221,0.3287671208381653,0.953125
map,256,0.3,heavy_tail,0.0,361,552,0.46195653080940247,0.5287260127585481,0.06679313552304711,0.1400971527692017,0.5585527452990698,0.5595567867036011,0.9504950642585754,0.3913043439388275,0.8287037014961243
map,512,0.0,fixed16,0.0,576,576,0.9930555820465088,0.996238425925926,0.0052159580049076955,0.006118357396927263,0.20071406992521343,1.0,0.9930555820465088,1.0,0.9930555820465088
map,512,0.0,poisson16,0.0,557,588,0.988095223903656,0.9919784580498866,0.0017708114503580902,0.010349131510831167,0.13356628340294363,1.0,0.9874326586723328,1.0,0.988095223903656
map,512,0.0,heavy_tail,0.0,382,561,0.7147949934005737,0.7726096887724497,0.027228382377005724,0.1133070503482465,0.4668145235370095,0.8219895287958116,0.9522293210029602,0.70944744348526,0.8793969750404358
map,512,0.3,fixed16,0.0,576,576,0.9513888955116272,0.9708955548593706,0.002713354814271576,0.033130556586110665,0.2979544194420781,1.0,0.9565972089767456,0.9982638955116272,0.9530434608459473
map,512,0.3,poisson16,0.0,605,622,0.918006420135498,0.9437496967969904,0.029098218284189886,0.05107531293711199,0.4943538065167317,0.9140495867768595,0.9511753916740417,0.9131832718849182,0.9507042169570923
map,512,0.3,heavy_tail,0.0,490,411,0.8296837210655212,0.8631909553438452,0.03865963635244174,0.06773797704304167,0.6340412514300716,0.5591836734693878,0.9525547623634338,0.7299270033836365,0.9900000095367432
