degree_band,final_loss,initial_loss,knn_overlap,method,n,row_cosine,row_mse,seed
all,0.0013709391932934523,1.3613667488098145,0.8999999761581421,typed_vsa,60,0.9980446100234985,0.0002841144159901887,11
low_degree,0.0013709391932934523,1.3613667488098145,0.9466666579246521,typed_vsa,30,0.9979034662246704,0.00025985404499806464,11
high_degree,0.0013709391932934523,1.3613667488098145,0.9133333563804626,typed_vsa,30,0.9981857538223267,0.00030837481608614326,11
all,0.16504056751728058,1.3808279037475586,0.23666666448116302,bag_of_factors,60,0.8388237357139587,0.01498263981193304,11
low_degree,0.16504056751728058,1.3808279037475586,0.3199999928474426,bag_of_factors,30,0.8364557027816772,0.014562218450009823,11
high_degree,0.16504056751728058,1.3808279037475586,0.31333333253860474,bag_of_factors,30,0.8411918878555298,0.015403061173856258,11
all,0.17581264674663544,1.3549318313598633,0.07333333045244217,shuffled_structure,60,0.708952009677887,0.025583935901522636,11
low_degree,0.17581264674663544,1.3549318313598633,0.18000000715255737,shuffled_structure,30,0.6771171689033508,0.02707294374704361,11
high_degree,0.17581264674663544,1.3549318313598633,0.14666666090488434,shuffled_structure,30,0.7407866716384888,0.024094922468066216,11
all,,,0.2266666740179062,nearest_recipe,60,0.8725330829620361,0.013207093812525272,11
low_degree,,,0.40666666626930237,nearest_recipe,30,0.8618215322494507,0.014054150320589542,11
high_degree,,,0.3400000035762787,nearest_recipe,30,0.8832446932792664,0.012360034510493279,11
all,,,0.09333333373069763,train_mean,60,0.7955807447433472,0.018649650737643242,11
low_degree,,,0.1733333319425583,train_mean,30,0.7790597081184387,0.019423307850956917,11
high_degree,,,0.14000000059604645,train_mean,30,0.8121017813682556,0.017875991761684418,11
all,0.0013062766520306468,1.0803123712539673,0.8866666555404663,typed_vsa,60,0.9978014826774597,0.00029889013967476785,22
low_degree,0.0013062766520306468,1.0803123712539673,0.9066666960716248,typed_vsa,30,0.9979645609855652,0.0002677057636901736,22
high_degree,0.0013062766520306468,1.0803123712539673,0.8799999952316284,typed_vsa,30,0.9976385831832886,0.0003300745156593621,22
all,0.15111032128334045,0.999173641204834,0.20999999344348907,bag_of_factors,60,0.8269082307815552,0.01672169379889965,22
low_degree,0.15111032128334045,0.999173641204834,0.2866666615009308,bag_of_factors,30,0.8209721446037292,0.016898130998015404,22
high_degree,0.15111032128334045,0.999173641204834,0.3266666531562805,bag_of_factors,30,0.8328443765640259,0.016545256599783897,22
all,0.14601489901542664,1.0996612310409546,0.10000000149011612,shuffled_structure,60,0.7468118071556091,0.02452184446156025,22
low_degree,0.14601489901542664,1.0996612310409546,0.20666666328907013,shuffled_structure,30,0.7293689846992493,0.025447586551308632,22
high_degree,0.14601489901542664,1.0996612310409546,0.20000000298023224,shuffled_structure,30,0.764254629611969,0.023596104234457016,22
all,,,0.2433333396911621,nearest_recipe,60,0.8555451035499573,0.0148903364315629,22
low_degree,,,0.35333332419395447,nearest_recipe,30,0.8435612916946411,0.015806088224053383,22
high_degree,,,0.2866666615009308,nearest_recipe,30,0.8675289154052734,0.013974586501717567,22
all,,,0.05999999865889549,train_mean,60,0.7978973388671875,0.019071733579039574,22
low_degree,,,0.1666666716337204,train_mean,30,0.8021856546401978,0.018432313576340675,22
high_degree,,,0.12666666507720947,train_mean,30,0.793609082698822,0.01971115916967392,22
all,0.001081671449355781,1.0621490478515625,0.903333306312561,typed_vsa,60,0.9983378052711487,0.0002383973478572443,33
low_degree,0.001081671449355781,1.0621490478515625,0.9225806593894958,typed_vsa,31,0.9981723427772522,0.00027865744777955115,33
high_degree,0.001081671449355781,1.0621490478515625,0.9103448390960693,typed_vsa,29,0.9985146522521973,0.0001953606988536194,33
all,0.1421063393354416,1.0399123430252075,0.21666666865348816,bag_of_factors,60,0.8494811654090881,0.01599697209894657,33
low_degree,0.1421063393354416,1.0399123430252075,0.34838709235191345,bag_of_factors,31,0.850717306137085,0.015720123425126076,33
high_degree,0.1421063393354416,1.0399123430252075,0.32413792610168457,bag_of_factors,29,0.8481598496437073,0.016292912885546684,33
all,0.1504681408405304,1.0534498691558838,0.036666665226221085,shuffled_structure,60,0.7788252234458923,0.022544842213392258,33
low_degree,0.1504681408405304,1.0534498691558838,0.13548387587070465,shuffled_structure,31,0.7932432889938354,0.02123298868536949,33
high_degree,0.1504681408405304,1.0534498691558838,0.14482758939266205,shuffled_structure,29,0.7634128928184509,0.02394716814160347,33
all,,,0.1733333319425583,nearest_recipe,60,0.8741663694381714,0.014422117732465267,33
low_degree,,,0.28387096524238586,nearest_recipe,31,0.8642321228981018,0.015435119159519672,33
high_degree,,,0.24137930572032928,nearest_recipe,29,0.8847857713699341,0.013339253142476082,33
all,,,0.07666666805744171,train_mean,60,0.8214156031608582,0.01863878220319748,33
low_degree,,,0.18709677457809448,train_mean,31,0.821714460849762,0.018418142572045326,33
high_degree,,,0.16551724076271057,train_mean,29,0.8210961818695068,0.018874630331993103,33
